level,type,file,line,message,advice
ERROR,frontmatter,docs/维护与报告/OCR专项建设报告_V3.md,1,frontmatter 缺少 title。,这会影响 VitePress 标题、SEO、搜索和维护脚本。
ERROR,frontmatter,docs/维护与报告/OCR专项建设报告_V3.md,1,frontmatter 缺少 description。,这会影响 VitePress 标题、SEO、搜索和维护脚本。
WARN,truth-risk,docs/核心研究/创游世界变量与作用域完全指南.md,217,强结论缺少附近证据提示：玩家变量表是一种结构化的玩家数据存储方式，支持多行多字段，适合存储复杂的玩家状态。,建议补充 OCR、截图、官方教程、引擎更新、实测或待验证标记；没有证据时降低语气。
WARN,duplicate-title,docs/核心研究/创游世界广播机制完全指南.md,1,标题重复：创游世界广播机制完全指南,标题重复不一定错误，但会影响搜索、侧边栏辨识和维护。
WARN,truth-risk,docs/核心研究/创游世界广播机制完全指南.md,22,强结论缺少附近证据提示：- 广播命名的最佳实践,建议补充 OCR、截图、官方教程、引擎更新、实测或待验证标记；没有证据时降低语气。
WARN,truth-risk,docs/核心研究/创游世界广播机制完全指南.md,80,强结论缺少附近证据提示：- 所有关心这个事件的对象都可以监听,建议补充 OCR、截图、官方教程、引擎更新、实测或待验证标记；没有证据时降低语气。
WARN,truth-risk,docs/核心研究/创游世界广播机制完全指南.md,396,强结论缺少附近证据提示：1. 广播名称是否完全一致（包括大小写）,建议补充 OCR、截图、官方教程、引擎更新、实测或待验证标记；没有证据时降低语气。
WARN,truth-risk,docs/核心研究/创游世界核心概念速查.md,76,强结论缺少附近证据提示：- [创游世界自定义组件完全指南](../脚本系统/专题研究/创游世界自定义组件完全指南.md) - 自定义组件完全指南,建议补充 OCR、截图、官方教程、引擎更新、实测或待验证标记；没有证据时降低语气。
WARN,truth-risk,docs/核心研究/创游世界脚本调试与问题排查完整指南.md,152,强结论缺少附近证据提示：| 广播名称 | 检查发送和接收的名称 | 完全一致（区分大小写）|,建议补充 OCR、截图、官方教程、引擎更新、实测或待验证标记；没有证据时降低语气。
WARN,truth-risk,docs/核心研究/创游世界脚本调试与问题排查完整指南.md,169,强结论缺少附近证据提示：- 在命名规范文档中记录所有广播名称,建议补充 OCR、截图、官方教程、引擎更新、实测或待验证标记；没有证据时降低语气。
WARN,truth-risk,docs/核心研究/创游世界脚本调试与问题排查完整指南.md,426,强结论缺少附近证据提示：1. 广播名称是否完全一致（区分大小写）,建议补充 OCR、截图、官方教程、引擎更新、实测或待验证标记；没有证据时降低语气。
WARN,truth-risk,docs/核心研究/创游世界脚本调试与问题排查完整指南.md,435,强结论缺少附近证据提示：**A**：检查是否使用了玩家变量（只对自己可见）。需要所有玩家可见的数据应使用房间变量或云变量。,建议补充 OCR、截图、官方教程、引擎更新、实测或待验证标记；没有证据时降低语气。
WARN,truth-risk,docs/核心研究/创游世界联机同步与多人游戏设计指南.md,8,强结论缺少附近证据提示：本文档系统介绍创游世界引擎的联机同步机制与多人游戏设计方法，涵盖同步模式选择、数据同步策略、联机UI优化、常见问题与最佳实践。,建议补充 OCR、截图、官方教程、引擎更新、实测或待验证标记；没有证据时降低语气。
WARN,truth-risk,docs/核心研究/创游世界联机同步与多人游戏设计指南.md,99,强结论缺少附近证据提示：**适用场景**：联机时需要所有玩家看到一致，但不需要跨会话保持的数据。,建议补充 OCR、截图、官方教程、引擎更新、实测或待验证标记；没有证据时降低语气。
WARN,truth-risk,docs/核心研究/创游世界联机同步与多人游戏设计指南.md,126,强结论缺少附近证据提示：**缺点**：需要确保广播能被所有相关对象接收,建议补充 OCR、截图、官方教程、引擎更新、实测或待验证标记；没有证据时降低语气。
WARN,truth-risk,docs/核心研究/创游世界联机同步与多人游戏设计指南.md,334,强结论缺少附近证据提示：- [创游世界联机系统完全指南](/核心研究/创游世界联机系统完全指南.md) - 联机系统完整指南,建议补充 OCR、截图、官方教程、引擎更新、实测或待验证标记；没有证据时降低语气。
WARN,truth-risk,docs/核心研究/创游世界联机玩法完全指南.md,27,强结论缺少附近证据提示：1. **联机核心是同步**：让所有玩家看到一致的游戏状态,建议补充 OCR、截图、官方教程、引擎更新、实测或待验证标记；没有证据时降低语气。
WARN,truth-risk,docs/核心研究/创游世界联机玩法完全指南.md,47,强结论缺少附近证据提示：创游世界提供内置联机功能，支持：,建议补充 OCR、截图、官方教程、引擎更新、实测或待验证标记；没有证据时降低语气。
WARN,truth-risk,docs/核心研究/创游世界联机玩法完全指南.md,212,强结论缺少附近证据提示：地图属性对同一地图的所有玩家可见。,建议补充 OCR、截图、官方教程、引擎更新、实测或待验证标记；没有证据时降低语气。
WARN,truth-risk,docs/核心研究/创游世界联机玩法完全指南.md,391,强结论缺少附近证据提示：- [创游世界联机系统完全指南](/核心研究/创游世界联机系统完全指南.md),建议补充 OCR、截图、官方教程、引擎更新、实测或待验证标记；没有证据时降低语气。
WARN,truth-risk,docs/核心研究/创游世界联机系统入门.md,8,强结论缺少附近证据提示：创游世界的联机系统允许多名玩家同时参与同一游戏场景。本文档讲解联机模式的核心机制、数据同步策略、UI 通信注意事项，以及多人协作的最佳实践。,建议补充 OCR、截图、官方教程、引擎更新、实测或待验证标记；没有证据时降低语气。
WARN,truth-risk,docs/核心研究/创游世界联机系统入门.md,33,强结论缺少附近证据提示：4. **广播有本地和地图之分**：地图级广播所有玩家都能收到，UI 广播可能只在本地有效,建议补充 OCR、截图、官方教程、引擎更新、实测或待验证标记；没有证据时降低语气。
WARN,truth-risk,docs/核心研究/创游世界联机系统入门.md,45,强结论缺少附近证据提示：- 所有玩家共享同一个地图实例,建议补充 OCR、截图、官方教程、引擎更新、实测或待验证标记；没有证据时降低语气。
WARN,truth-risk,docs/核心研究/创游世界联机系统入门.md,73,强结论缺少附近证据提示：- **跨设备同步**：云变量存储在服务器端，所有玩家都能访问,建议补充 OCR、截图、官方教程、引擎更新、实测或待验证标记；没有证据时降低语气。
WARN,truth-risk,docs/核心研究/创游世界联机系统入门.md,74,强结论缺少附近证据提示：- **持久化**：云变量不会因为玩家退出而丢失,建议补充 OCR、截图、官方教程、引擎更新、实测或待验证标记；没有证据时降低语气。
WARN,truth-risk,docs/核心研究/创游世界联机系统入门.md,93,强结论缺少附近证据提示：> 📚 相关阅读：[创游世界变量与作用域完全指南](./创游世界变量与作用域完全指南.md) - 变量详解,建议补充 OCR、截图、官方教程、引擎更新、实测或待验证标记；没有证据时降低语气。
WARN,truth-risk,docs/核心研究/创游世界联机系统入门.md,135,强结论缺少附近证据提示：- **地图广播**：通常在服务器端处理，确保所有玩家一致,建议补充 OCR、截图、官方教程、引擎更新、实测或待验证标记；没有证据时降低语气。
WARN,truth-risk,docs/核心研究/创游世界联机系统入门.md,155,强结论缺少附近证据提示：**解决**：需要跨玩家共享的数据必须使用云变量,建议补充 OCR、截图、官方教程、引擎更新、实测或待验证标记；没有证据时降低语气。
WARN,truth-risk,docs/核心研究/创游世界联机系统入门.md,191,强结论缺少附近证据提示：1. **集中处理**：所有共享数据的修改集中在地图脚本,建议补充 OCR、截图、官方教程、引擎更新、实测或待验证标记；没有证据时降低语气。
WARN,truth-risk,docs/核心研究/创游世界联机系统入门.md,202,强结论缺少附近证据提示：- [创游世界变量与作用域完全指南](./创游世界变量与作用域完全指南.md) - 变量详解,建议补充 OCR、截图、官方教程、引擎更新、实测或待验证标记；没有证据时降低语气。
WARN,truth-risk,docs/核心研究/创游世界联机系统速查卡.md,30,强结论缺少附近证据提示：**A：** 创游世界支持以下联机模式：,建议补充 OCR、截图、官方教程、引擎更新、实测或待验证标记；没有证据时降低语气。
WARN,truth-risk,docs/核心研究/创游世界联机系统速查卡.md,131,强结论缺少附近证据提示：- 地图脚本将无法直接操作当前UI,建议补充 OCR、截图、官方教程、引擎更新、实测或待验证标记；没有证据时降低语气。
WARN,truth-risk,docs/核心研究/创游世界联机系统速查卡.md,144,强结论缺少附近证据提示：| 地图属性 | 所有玩家 | 共享状态 |,建议补充 OCR、截图、官方教程、引擎更新、实测或待验证标记；没有证据时降低语气。
WARN,truth-risk,docs/核心研究/创游世界联机系统完全指南.md,230,强结论缺少附近证据提示：联机UI设计必须同时考虑：,建议补充 OCR、截图、官方教程、引擎更新、实测或待验证标记；没有证据时降低语气。
WARN,truth-risk,docs/核心研究/创游世界联机游戏开发完整指南.md,45,强结论缺少附近证据提示：创游世界支持多种联机模式：,建议补充 OCR、截图、官方教程、引擎更新、实测或待验证标记；没有证据时降低语气。
WARN,truth-risk,docs/核心研究/创游世界联机游戏开发完整指南.md,76,强结论缺少附近证据提示：| 房间变量 | 房间内共享的数据 | 所有玩家可见 |,建议补充 OCR、截图、官方教程、引擎更新、实测或待验证标记；没有证据时降低语气。
WARN,truth-risk,docs/核心研究/创游世界联机游戏开发完整指南.md,180,强结论缺少附近证据提示：- 每个玩家的设备会模拟所有玩家的UI,建议补充 OCR、截图、官方教程、引擎更新、实测或待验证标记；没有证据时降低语气。
WARN,truth-risk,docs/核心研究/创游世界联机游戏开发完整指南.md,315,强结论缺少附近证据提示：**A**：创游世界联机房间最多支持 4 名玩家同时游戏。,建议补充 OCR、截图、官方教程、引擎更新、实测或待验证标记；没有证据时降低语气。
WARN,truth-risk,docs/核心研究/创游世界碰撞与物理系统入门.md,215,强结论缺少附近证据提示：- [创游世界变量与作用域完全指南](./创游世界变量与作用域完全指南.md) - 变量详解,建议补充 OCR、截图、官方教程、引擎更新、实测或待验证标记；没有证据时降低语气。
WARN,truth-risk,docs/核心研究/创游世界数据存储选择指南.md,85,强结论缺少附近证据提示：| 地图属性 | 当前地图 | 地图存在期间 | 当前地图所有物体能访问 |,建议补充 OCR、截图、官方教程、引擎更新、实测或待验证标记；没有证据时降低语气。
WARN,truth-risk,docs/核心研究/创游世界数据存储选择指南.md,86,强结论缺少附近证据提示：| 系统属性 | 系统 | 游戏全程 | 所有地图所有物体能访问 |,建议补充 OCR、截图、官方教程、引擎更新、实测或待验证标记；没有证据时降低语气。
WARN,truth-risk,docs/核心研究/创游世界数据存储选择指南.md,364,强结论缺少附近证据提示：- [创游世界变量与作用域完全指南](./创游世界变量与作用域完全指南.md),建议补充 OCR、截图、官方教程、引擎更新、实测或待验证标记；没有证据时降低语气。
WARN,truth-risk,docs/核心研究/创游世界数据分层模型.md,27,"强结论缺少附近证据提示：1. **数据分层本质是""谁需要用""的问题**：只在当前脚本用→局部变量；这个物体用→自身属性；这个地图所有物体用→地图属性；所有地图用→系统属性；需要跨会话持久→玩家变量",建议补充 OCR、截图、官方教程、引擎更新、实测或待验证标记；没有证据时降低语气。
WARN,truth-risk,docs/核心研究/创游世界数据分层模型.md,58,强结论缺少附近证据提示：| 切地图 | 自动销毁，不会保留 |,建议补充 OCR、截图、官方教程、引擎更新、实测或待验证标记；没有证据时降低语气。
WARN,truth-risk,docs/核心研究/创游世界数据分层模型.md,123,强结论缺少附近证据提示：**定义**：属于当前地图的全局数据，所有物体都可以访问和修改。,建议补充 OCR、截图、官方教程、引擎更新、实测或待验证标记；没有证据时降低语气。
WARN,truth-risk,docs/核心研究/创游世界数据分层模型.md,130,强结论缺少附近证据提示：| 访问范围 | 当前地图内所有物体 |,建议补充 OCR、截图、官方教程、引擎更新、实测或待验证标记；没有证据时降低语气。
WARN,truth-risk,docs/核心研究/创游世界数据分层模型.md,157,强结论缺少附近证据提示：**定义**：属于整个游戏的全局数据，所有地图、所有物体都可以访问。,建议补充 OCR、截图、官方教程、引擎更新、实测或待验证标记；没有证据时降低语气。
WARN,truth-risk,docs/核心研究/创游世界数据分层模型.md,261,强结论缺少附近证据提示：**A**：可能用了局部变量或自身属性，这两层在联机时不会同步给其他玩家。,建议补充 OCR、截图、官方教程、引擎更新、实测或待验证标记；没有证据时降低语气。
WARN,truth-risk,docs/核心研究/创游世界数据分层模型.md,274,"强结论缺少附近证据提示：玩家变量适合存储""需要跨会话保留的长期数据""，不适合存所有数据。",建议补充 OCR、截图、官方教程、引擎更新、实测或待验证标记；没有证据时降低语气。
WARN,truth-risk,docs/核心研究/创游世界数据分层模型.md,284,强结论缺少附近证据提示：| 3 | 地图属性 | 当前地图 | 地图内所有物体 | 通常❌ | 部分 | 地图级状态 |,建议补充 OCR、截图、官方教程、引擎更新、实测或待验证标记；没有证据时降低语气。
WARN,truth-risk,docs/核心研究/创游世界数据分层模型.md,318,强结论缺少附近证据提示：- 任何地方都能读写货币（因为玩家变量全局可访问）,建议补充 OCR、截图、官方教程、引擎更新、实测或待验证标记；没有证据时降低语气。
WARN,truth-risk,docs/核心研究/创游世界数据分层模型.md,324,强结论缺少附近证据提示：- [创游世界变量与作用域完全指南](./创游世界变量与作用域完全指南.md) - 更详细的变量系统说明,建议补充 OCR、截图、官方教程、引擎更新、实测或待验证标记；没有证据时降低语气。
WARN,truth-risk,docs/核心研究/创游世界数据类型完全指南.md,115,强结论缺少附近证据提示：> 📚 相关阅读：[创游世界变量与作用域完全指南](./创游世界变量与作用域完全指南.md) - 变量作用域详解,建议补充 OCR、截图、官方教程、引擎更新、实测或待验证标记；没有证据时降低语气。
WARN,truth-risk,docs/核心研究/创游世界数据类型完全指南.md,261,强结论缺少附近证据提示：> 📚 相关阅读：[创游世界变量与作用域完全指南](./创游世界变量与作用域完全指南.md) - 配置表详解,建议补充 OCR、截图、官方教程、引擎更新、实测或待验证标记；没有证据时降低语气。
WARN,truth-risk,docs/核心研究/创游世界数据类型完全指南.md,359,强结论缺少附近证据提示：| 文本转数字 | 视情况 | 某些积木块会自动转换 |,建议补充 OCR、截图、官方教程、引擎更新、实测或待验证标记；没有证据时降低语气。
WARN,truth-risk,docs/核心研究/创游世界物理与碰撞系统完全指南.md,28,强结论缺少附近证据提示：1. **物理组件是移动能力的基础**：没有物理组件，物体无法移动、受力或参与碰撞,建议补充 OCR、截图、官方教程、引擎更新、实测或待验证标记；没有证据时降低语气。
WARN,truth-risk,docs/核心研究/创游世界组件能力速查手册.md,8,强结论缺少附近证据提示：本文档按功能分类整理创游世界所有内置组件的核心能力、适用场景和关键参数，帮助开发者在设计游戏时快速查找和选用合适的组件。,建议补充 OCR、截图、官方教程、引擎更新、实测或待验证标记；没有证据时降低语气。
WARN,truth-risk,docs/核心研究/创游世界组件能力速查手册.md,29,强结论缺少附近证据提示：3. **同类组件通常互斥**：一个物体通常只能挂一个同类功能组件,建议补充 OCR、截图、官方教程、引擎更新、实测或待验证标记；没有证据时降低语气。
WARN,truth-risk,docs/核心研究/创游世界组件能力速查手册.md,38,强结论缺少附近证据提示：| 通用组件 | 基础能力，几乎所有物体都可能用到 | 5+ |,建议补充 OCR、截图、官方教程、引擎更新、实测或待验证标记；没有证据时降低语气。
WARN,truth-risk,docs/核心研究/创游世界组件能力速查手册.md,121,强结论缺少附近证据提示：**依赖**：物理组件（必须先挂物理组件）,建议补充 OCR、截图、官方教程、引擎更新、实测或待验证标记；没有证据时降低语气。
WARN,truth-risk,docs/核心研究/创游世界组件能力速查手册.md,123,强结论缺少附近证据提示：**重要**：没有物理组件，角色组件无法工作,建议补充 OCR、截图、官方教程、引擎更新、实测或待验证标记；没有证据时降低语气。
WARN,truth-risk,docs/核心研究/创游世界组件能力速查手册.md,173,强结论缺少附近证据提示：**使用场景**：玩家、敌人、所有可被消灭的对象,建议补充 OCR、截图、官方教程、引擎更新、实测或待验证标记；没有证据时降低语气。
WARN,truth-risk,docs/核心研究/创游世界组件能力速查手册.md,343,强结论缺少附近证据提示：| 触发条件 | 玩家/敌人/所有 |,建议补充 OCR、截图、官方教程、引擎更新、实测或待验证标记；没有证据时降低语气。
WARN,truth-risk,docs/核心研究/创游世界组件能力速查手册.md,442,强结论缺少附近证据提示：| 物理组件 | 必须 |,建议补充 OCR、截图、官方教程、引擎更新、实测或待验证标记；没有证据时降低语气。
WARN,truth-risk,docs/核心研究/创游世界组件能力速查手册.md,443,强结论缺少附近证据提示：| 角色组件 | 必须 |,建议补充 OCR、截图、官方教程、引擎更新、实测或待验证标记；没有证据时降低语气。
WARN,truth-risk,docs/核心研究/创游世界组件能力速查手册.md,454,强结论缺少附近证据提示：| 物理组件 | 必须 |,建议补充 OCR、截图、官方教程、引擎更新、实测或待验证标记；没有证据时降低语气。
WARN,truth-risk,docs/核心研究/创游世界组件能力速查手册.md,455,强结论缺少附近证据提示：| 生命组件 | 必须 |,建议补充 OCR、截图、官方教程、引擎更新、实测或待验证标记；没有证据时降低语气。
WARN,truth-risk,docs/核心研究/创游世界组件能力速查手册.md,456,强结论缺少附近证据提示：| 伤害组件 | 必须（攻击型） |,建议补充 OCR、截图、官方教程、引擎更新、实测或待验证标记；没有证据时降低语气。
WARN,truth-risk,docs/核心研究/创游世界组件能力速查手册.md,466,强结论缺少附近证据提示：| 物理组件 | 必须 |,建议补充 OCR、截图、官方教程、引擎更新、实测或待验证标记；没有证据时降低语气。
WARN,truth-risk,docs/核心研究/创游世界组件能力速查手册.md,467,强结论缺少附近证据提示：| 伤害组件 | 必须 |,建议补充 OCR、截图、官方教程、引擎更新、实测或待验证标记；没有证据时降低语气。
WARN,truth-risk,docs/核心研究/创游世界组件能力速查手册.md,468,强结论缺少附近证据提示：| 子弹组件 | 必须 |,建议补充 OCR、截图、官方教程、引擎更新、实测或待验证标记；没有证据时降低语气。
WARN,truth-risk,docs/核心研究/创游世界组件能力速查手册.md,477,强结论缺少附近证据提示：| 可互动物体组件 | 对话时必须 |,建议补充 OCR、截图、官方教程、引擎更新、实测或待验证标记；没有证据时降低语气。
WARN,truth-risk,docs/核心研究/创游世界组件能力速查手册.md,486,强结论缺少附近证据提示：| 物理组件 | 必须 |,建议补充 OCR、截图、官方教程、引擎更新、实测或待验证标记；没有证据时降低语气。
WARN,truth-risk,docs/核心研究/创游世界组件能力速查手册.md,487,强结论缺少附近证据提示：| 机关门组件 | 必须 |,建议补充 OCR、截图、官方教程、引擎更新、实测或待验证标记；没有证据时降低语气。
WARN,truth-risk,docs/核心研究/创游世界组件能力速查手册.md,535,"强结论缺少附近证据提示：**A**：检查是否挂了""物理组件""。没有物理组件，其他组件可能无法正常工作。",建议补充 OCR、截图、官方教程、引擎更新、实测或待验证标记；没有证据时降低语气。
WARN,truth-risk,docs/核心研究/创游世界组件速查表.md,8,强结论缺少附近证据提示：本文档快速查询创游世界的所有组件分类和功能，帮助你根据需求快速找到需要挂载的组件。,建议补充 OCR、截图、官方教程、引擎更新、实测或待验证标记；没有证据时降低语气。
WARN,truth-risk,docs/核心研究/创游世界组件速查表.md,49,强结论缺少附近证据提示：| **必须添加** | 角色要能动，必须同时挂物理组件和角色组件 |,建议补充 OCR、截图、官方教程、引擎更新、实测或待验证标记；没有证据时降低语气。
WARN,truth-risk,docs/核心研究/创游世界组件速查表.md,69,强结论缺少附近证据提示：| **必须依赖** | 需要配合物理组件才能生效 |,建议补充 OCR、截图、官方教程、引擎更新、实测或待验证标记；没有证据时降低语气。
WARN,truth-risk,docs/核心研究/创游世界组件速查表.md,440,强结论缺少附近证据提示：- [创游世界变量与作用域完全指南](./创游世界变量与作用域完全指南.md) - 变量详解,建议补充 OCR、截图、官方教程、引擎更新、实测或待验证标记；没有证据时降低语气。
WARN,truth-risk,docs/核心研究/核心概念速查手册.md,39,强结论缺少附近证据提示：- 修改素材后，地图中的已有物体不会自动更新,建议补充 OCR、截图、官方教程、引擎更新、实测或待验证标记；没有证据时降低语气。
WARN,truth-risk,docs/核心研究/核心概念速查手册.md,131,强结论缺少附近证据提示：> 📚 相关阅读：[创游世界触发时机完全指南](../脚本系统/专题研究/创游世界触发时机完全指南.md) - 触发时机完全指南,建议补充 OCR、截图、官方教程、引擎更新、实测或待验证标记；没有证据时降低语气。
WARN,truth-risk,docs/核心研究/核心概念速查手册.md,384,强结论缺少附近证据提示：- 支持多人联机同步,建议补充 OCR、截图、官方教程、引擎更新、实测或待验证标记；没有证据时降低语气。
WARN,truth-risk,docs/核心研究/数据、变量与作用域导航.md,110,强结论缺少附近证据提示：| 所有数据都放在局部变量 | 脚本执行完就消失 | 持久数据放自身/地图/系统属性 |,建议补充 OCR、截图、官方教程、引擎更新、实测或待验证标记；没有证据时降低语气。
WARN,truth-risk,docs/核心研究/组件与对象系统导航.md,101,"强结论缺少附近证据提示：| 修改素材期望地图物体自动更新 | 地图物体是实例，不会自动同步 | 使用""应用到原素材""或重新摆放 |",建议补充 OCR、截图、官方教程、引擎更新、实测或待验证标记；没有证据时降低语气。
WARN,truth-risk,docs/核心研究/UI与交互研究导航.md,104,强结论缺少附近证据提示：- [创游世界触发时机完全指南](../脚本系统/专题研究/创游世界触发时机完全指南.md) - 触发时机详解,建议补充 OCR、截图、官方教程、引擎更新、实测或待验证标记；没有证据时降低语气。
WARN,truth-risk,docs/核心研究/UI与交互研究导航.md,105,强结论缺少附近证据提示：- [创游世界广播命名规范与最佳实践](../脚本系统/创游世界广播命名规范与最佳实践.md) - 广播命名规范,建议补充 OCR、截图、官方教程、引擎更新、实测或待验证标记；没有证据时降低语气。
WARN,truth-risk,docs/脚本系统/创游世界广播命名规范与最佳实践.md,8,强结论缺少附近证据提示：本文档整理创游世界中广播的命名规范与使用最佳实践，帮助你建立清晰的广播命名体系，避免项目做大后广播命名混乱、难以维护的问题。,建议补充 OCR、截图、官方教程、引擎更新、实测或待验证标记；没有证据时降低语气。
WARN,truth-risk,docs/脚本系统/创游世界广播命名规范与最佳实践.md,99,强结论缺少附近证据提示：| 玩家获得道具 | `道具_获得_玩家` | 地图发给所有需要知道的 |,建议补充 OCR、截图、官方教程、引擎更新、实测或待验证标记；没有证据时降低语气。
WARN,truth-risk,docs/脚本系统/创游世界广播命名规范与最佳实践.md,121,强结论缺少附近证据提示：| 开始战斗 | `战斗_开始_通知` | 地图发给所有战斗参与者 |,建议补充 OCR、截图、官方教程、引擎更新、实测或待验证标记；没有证据时降低语气。
WARN,truth-risk,docs/脚本系统/创游世界广播命名规范与最佳实践.md,122,强结论缺少附近证据提示：| 战斗结束 | `战斗_结束_通知` | 地图发给所有 |,建议补充 OCR、截图、官方教程、引擎更新、实测或待验证标记；没有证据时降低语气。
WARN,truth-risk,docs/脚本系统/创游世界广播命名规范与最佳实践.md,200,强结论缺少附近证据提示：**建议：在项目初期就制定广播命名表，所有人统一使用。**,建议补充 OCR、截图、官方教程、引擎更新、实测或待验证标记；没有证据时降低语气。
WARN,truth-risk,docs/脚本系统/创游世界广播命名规范与最佳实践.md,290,强结论缺少附近证据提示：**但不要简化为「广播1」「按钮1」这样完全无意义的名称。**,建议补充 OCR、截图、官方教程、引擎更新、实测或待验证标记；没有证据时降低语气。
WARN,truth-risk,docs/脚本系统/创游世界广播命名规范与最佳实践.md,296,强结论缺少附近证据提示：2. 所有广播命名必须查表，不允许自创,建议补充 OCR、截图、官方教程、引擎更新、实测或待验证标记；没有证据时降低语气。
WARN,truth-risk,docs/脚本系统/脚本系统导航.md,22,强结论缺少附近证据提示：- 广播命名规范和最佳实践,建议补充 OCR、截图、官方教程、引擎更新、实测或待验证标记；没有证据时降低语气。
WARN,truth-risk,docs/脚本系统/脚本系统导航.md,114,强结论缺少附近证据提示：| 广播没效果 | 检查广播名称是否完全一致，监听是否在正确的触发时机 |,建议补充 OCR、截图、官方教程、引擎更新、实测或待验证标记；没有证据时降低语气。
WARN,truth-risk,docs/脚本系统/专题研究/创游世界 API 整理.md,83,强结论缺少附近证据提示：- `[已确认]` 自定义组件至少支持三类接口：,建议补充 OCR、截图、官方教程、引擎更新、实测或待验证标记；没有证据时降低语气。
WARN,truth-risk,docs/脚本系统/专题研究/创游世界 API 整理.md,225,强结论缺少附近证据提示：- `[高可信推断]` 这已经足以支持大部分基础游戏逻辑的事件驱动架构。,建议补充 OCR、截图、官方教程、引擎更新、实测或待验证标记；没有证据时降低语气。
WARN,truth-risk,docs/脚本系统/专题研究/创游世界 API 整理.md,347,强结论缺少附近证据提示：- `[已确认]` 参数类型并不只支持基础数据，还支持直接引用引擎资源和对象。,建议补充 OCR、截图、官方教程、引擎更新、实测或待验证标记；没有证据时降低语气。
WARN,truth-risk,docs/脚本系统/专题研究/创游世界 API 整理.md,348,强结论缺少附近证据提示：- `[高可信推断]` 这使得组件和指令可以直接围绕“资源 / 物体引用”构建，而不是只能传基础值。,建议补充 OCR、截图、官方教程、引擎更新、实测或待验证标记；没有证据时降低语气。
WARN,truth-risk,docs/脚本系统/专题研究/创游世界 API 整理.md,390,强结论缺少附近证据提示：> 本章整理变量与属性读写的作用域边界。很多“同名操作”在不同作用域下含义完全不同，是理解创游脚本数据流的关键。,建议补充 OCR、截图、官方教程、引擎更新、实测或待验证标记；没有证据时降低语气。
WARN,truth-risk,docs/脚本系统/专题研究/创游世界 API 整理.md,507,强结论缺少附近证据提示：- `[已确认]` 对象层级系统不是只能读父子关系，还支持创建、查找、设置和批量销毁。,建议补充 OCR、截图、官方教程、引擎更新、实测或待验证标记；没有证据时降低语气。
WARN,truth-risk,docs/脚本系统/专题研究/创游世界 API 整理.md,727,强结论缺少附近证据提示：- `[已确认]` 物体基础属性系统已经支持位置、尺寸、缩放、层级、颜色、透明度、父子关系等完整基础对象模型。,建议补充 OCR、截图、官方教程、引擎更新、实测或待验证标记；没有证据时降低语气。
WARN,truth-risk,docs/脚本系统/专题研究/创游世界 API 整理.md,733,强结论缺少附近证据提示：> 说明：本节整理的是“组件库入口 / 能力分类 / 对象域入口”，不等同于“所有组件都可视为同一层级 API”。其中一部分是可直接挂载的组件，另一部分更像对象域或能力分组入口。,建议补充 OCR、截图、官方教程、引擎更新、实测或待验证标记；没有证据时降低语气。
WARN,truth-risk,docs/脚本系统/专题研究/创游世界背包与货币系统设计入门.md,126,强结论缺少附近证据提示：> **格子 UI 本质上是在把背包数据按一定规则渲染成一组可交互单元。**,建议补充 OCR、截图、官方教程、引擎更新、实测或待验证标记；没有证据时降低语气。
WARN,truth-risk,docs/脚本系统/专题研究/创游世界背包与货币系统设计入门.md,195,强结论缺少附近证据提示：这比把所有内容写在一个“大商店脚本”里更容易维护。,建议补充 OCR、截图、官方教程、引擎更新、实测或待验证标记；没有证据时降低语气。
WARN,truth-risk,docs/脚本系统/专题研究/创游世界触发时机完全指南.md,8,强结论缺少附近证据提示：创游世界脚本触发时机的完整指南，涵盖所有触发时机的分类、用途、配合组件、使用场景和常见问题，帮助理解脚本「什么时候会执行」。,建议补充 OCR、截图、官方教程、引擎更新、实测或待验证标记；没有证据时降低语气。
WARN,truth-risk,docs/脚本系统/专题研究/创游世界触发时机完全指南.md,19,强结论缺少附近证据提示：- 所有触发时机的分类,建议补充 OCR、截图、官方教程、引擎更新、实测或待验证标记；没有证据时降低语气。
WARN,truth-risk,docs/脚本系统/专题研究/创游世界触发时机完全指南.md,28,强结论缺少附近证据提示：1. **触发时机 = 脚本的「入口」**：没有触发时机，积木块永远不会执行,建议补充 OCR、截图、官方教程、引擎更新、实测或待验证标记；没有证据时降低语气。
WARN,truth-risk,docs/脚本系统/专题研究/创游世界触发时机完全指南.md,30,强结论缺少附近证据提示：3. **触发时机需要配合组件**：某些触发时机必须配合特定组件才能生效,建议补充 OCR、截图、官方教程、引擎更新、实测或待验证标记；没有证据时降低语气。
WARN,truth-risk,docs/脚本系统/专题研究/创游世界触发时机完全指南.md,109,强结论缺少附近证据提示：- 物体必须有「可互动组件」,建议补充 OCR、截图、官方教程、引擎更新、实测或待验证标记；没有证据时降低语气。
WARN,truth-risk,docs/脚本系统/专题研究/创游世界存档与云变量设计入门.md,27,强结论缺少附近证据提示：很多人一提“存档”，就会下意识把所有值都往持久化方向想；一提“云变量”，又容易把它当作万能数据仓库。,建议补充 OCR、截图、官方教程、引擎更新、实测或待验证标记；没有证据时降低语气。
WARN,truth-risk,docs/脚本系统/专题研究/创游世界存档与云变量设计入门.md,112,强结论缺少附近证据提示：- 替代所有局部变量,建议补充 OCR、截图、官方教程、引擎更新、实测或待验证标记；没有证据时降低语气。
WARN,truth-risk,docs/脚本系统/专题研究/创游世界存档与云变量设计入门.md,113,强结论缺少附近证据提示：- 替代所有地图属性,建议补充 OCR、截图、官方教程、引擎更新、实测或待验证标记；没有证据时降低语气。
WARN,truth-risk,docs/脚本系统/专题研究/创游世界存档与云变量设计入门.md,192,强结论缺少附近证据提示：> **先决定什么值得长期保存，再决定用什么方式保存；不要因为能存，就把所有值都塞进存档。**,建议补充 OCR、截图、官方教程、引擎更新、实测或待验证标记；没有证据时降低语气。
WARN,truth-risk,docs/脚本系统/专题研究/创游世界动作状态机入门.md,28,强结论缺少附近证据提示：> **一个对象在同一时刻，只应该处于少数明确状态中的某一个。**,建议补充 OCR、截图、官方教程、引擎更新、实测或待验证标记；没有证据时降低语气。
WARN,truth-risk,docs/脚本系统/专题研究/创游世界动作状态机入门.md,47,"强结论缺少附近证据提示：动作类玩法的问题，不是""会不会播放动画""，而是：",建议补充 OCR、截图、官方教程、引擎更新、实测或待验证标记；没有证据时降低语气。
WARN,truth-risk,docs/脚本系统/专题研究/创游世界动作状态机入门.md,118,强结论缺少附近证据提示：- 翻滚过程中能不能再触发翻滚,建议补充 OCR、截图、官方教程、引擎更新、实测或待验证标记；没有证据时降低语气。
WARN,truth-risk,docs/脚本系统/专题研究/创游世界广播驱动项目结构实战.md,8,强结论缺少附近证据提示：- 一个事件会不会把逻辑绕晕,建议补充 OCR、截图、官方教程、引擎更新、实测或待验证标记；没有证据时降低语气。
WARN,truth-risk,docs/脚本系统/专题研究/创游世界广播驱动项目结构实战.md,9,强结论缺少附近证据提示：- 广播多了会不会难维护,建议补充 OCR、截图、官方教程、引擎更新、实测或待验证标记；没有证据时降低语气。
WARN,truth-risk,docs/脚本系统/专题研究/创游世界广播驱动项目结构实战.md,47,强结论缺少附近证据提示：> **UI 负责说“我想做什么”，地图/系统负责判断“能不能做、做完会改什么”。**,建议补充 OCR、截图、官方教程、引擎更新、实测或待验证标记；没有证据时降低语气。
WARN,truth-risk,docs/脚本系统/专题研究/创游世界广播驱动项目结构实战.md,97,强结论缺少附近证据提示：不要让一个广播既表示“购买”，又偷偷做“刷新 UI、播音效、切页面、发奖励”所有事情。,建议补充 OCR、截图、官方教程、引擎更新、实测或待验证标记；没有证据时降低语气。
WARN,truth-risk,docs/脚本系统/专题研究/创游世界广播驱动项目结构实战.md,176,强结论缺少附近证据提示：结果是所有东西都广播，最后根本不知道逻辑入口在哪。,建议补充 OCR、截图、官方教程、引擎更新、实测或待验证标记；没有证据时降低语气。
WARN,truth-risk,docs/脚本系统/专题研究/创游世界脚本实战架构入门.md,189,强结论缺少附近证据提示：3. 通过广播或明确入口通知下层逻辑,建议补充 OCR、截图、官方教程、引擎更新、实测或待验证标记；没有证据时降低语气。
WARN,truth-risk,docs/脚本系统/专题研究/创游世界脚本实战架构入门.md,251,强结论缺少附近证据提示：如果这七个问题能先想清楚，脚本大概率就不会乱得太夸张。,建议补充 OCR、截图、官方教程、引擎更新、实测或待验证标记；没有证据时降低语气。
WARN,truth-risk,docs/脚本系统/专题研究/创游世界任务与事件系统设计入门.md,80,强结论缺少附近证据提示：- 任务真值唯一存储,建议补充 OCR、截图、官方教程、引擎更新、实测或待验证标记；没有证据时降低语气。
WARN,truth-risk,docs/脚本系统/专题研究/创游世界任务与事件系统设计入门.md,111,强结论缺少附近证据提示：这样就不会出现“每个敌人都直接改任务 UI”的混乱写法。,建议补充 OCR、截图、官方教程、引擎更新、实测或待验证标记；没有证据时降低语气。
WARN,truth-risk,docs/脚本系统/专题研究/创游世界项目结构模板.md,29,强结论缺少附近证据提示：1. **真值层与显示层必须分离**：游戏核心数据放地图/系统层，UI 只负责显示和交互。,建议补充 OCR、截图、官方教程、引擎更新、实测或待验证标记；没有证据时降低语气。
WARN,truth-risk,docs/脚本系统/专题研究/创游世界新手常见卡点与避坑清单.md,21,强结论缺少附近证据提示：- UI 与真值分层的最佳实践,建议补充 OCR、截图、官方教程、引擎更新、实测或待验证标记；没有证据时降低语气。
WARN,truth-risk,docs/脚本系统/专题研究/创游世界自定义组件完全指南.md,21,强结论缺少附近证据提示：- 自定义组件的最佳实践,建议补充 OCR、截图、官方教程、引擎更新、实测或待验证标记；没有证据时降低语气。
WARN,truth-risk,docs/脚本系统/专题研究/创游世界自定义组件完全指南.md,36,强结论缺少附近证据提示：从自定义组件编辑器界面可以确认，一个自定义组件至少支持以下三类核心元素：,建议补充 OCR、截图、官方教程、引擎更新、实测或待验证标记；没有证据时降低语气。
WARN,truth-risk,docs/脚本系统/专题研究/创游世界自定义组件完全指南.md,206,"强结论缺少附近证据提示：- 差：创建一个""所有功能组件""，包含移动、攻击、UI、统计所有功能",建议补充 OCR、截图、官方教程、引擎更新、实测或待验证标记；没有证据时降低语气。
WARN,truth-risk,docs/脚本系统/专题研究/脚本组件体系与能力分层深度研究.md,40,强结论缺少附近证据提示：这说明战斗能力是可插拔的，不是所有物体天生都有血量和伤害。,建议补充 OCR、截图、官方教程、引擎更新、实测或待验证标记；没有证据时降低语气。
WARN,truth-risk,docs/脚本系统/专题研究/脚本作用域与数据流深度研究.md,64,强结论缺少附近证据提示：> 📚 相关阅读：[创游世界变量与作用域完全指南](../核心研究/创游世界变量与作用域完全指南.md) - 变量详解,建议补充 OCR、截图、官方教程、引擎更新、实测或待验证标记；没有证据时降低语气。
WARN,truth-risk,docs/脚本系统/专题研究/脚本作用域与数据流深度研究.md,301,强结论缺少附近证据提示：- [创游世界变量与作用域完全指南](../核心研究/创游世界变量与作用域完全指南.md) - 变量详解,建议补充 OCR、截图、官方教程、引擎更新、实测或待验证标记；没有证据时降低语气。
WARN,truth-risk,docs/脚本系统/专题研究/系统级脚本能力解析.md,46,强结论缺少附近证据提示：这说明创游脚本系统允许创作者在积木层直接操控“游戏状态机”的关键节点，而不必完全依赖默认流程。,建议补充 OCR、截图、官方教程、引擎更新、实测或待验证标记；没有证据时降低语气。
WARN,truth-risk,docs/脚本系统/专题研究/自定义组件深度解析.md,84,强结论缺少附近证据提示：如果内置组件无法完整表示这些逻辑，就需要自定义组件。,建议补充 OCR、截图、官方教程、引擎更新、实测或待验证标记；没有证据时降低语气。
WARN,truth-risk,docs/脚本系统/专题研究/自定义组件深度解析.md,228,强结论缺少附近证据提示：**A：** 当需要复用某个功能时，或者内置组件无法满足需求时。,建议补充 OCR、截图、官方教程、引擎更新、实测或待验证标记；没有证据时降低语气。
WARN,truth-risk,docs/脚本系统/专题研究/自定义组件深度解析.md,244,强结论缺少附近证据提示：- [创游世界触发时机完全指南](./创游世界触发时机完全指南.md) - 触发时机详解,建议补充 OCR、截图、官方教程、引擎更新、实测或待验证标记；没有证据时降低语气。
WARN,truth-risk,docs/脚本系统/专题研究/组件添加界面深度解析.md,67,强结论缺少附近证据提示：这类组件说明创游内置了大量关卡设计常见机关，创作者不一定需要完全手搓逻辑。,建议补充 OCR、截图、官方教程、引擎更新、实测或待验证标记；没有证据时降低语气。
WARN,truth-risk,docs/脚本系统/专题研究/组件添加界面深度解析.md,109,强结论缺少附近证据提示：这说明创游不只是给你一张静态图，而是支持一定程度的 UI/场景贴图高级表现。,建议补充 OCR、截图、官方教程、引擎更新、实测或待验证标记；没有证据时降低语气。
WARN,truth-risk,docs/脚本系统/专题研究/组件添加界面深度解析.md,155,强结论缺少附近证据提示：- 地块组件只能挂在地块素材上,建议补充 OCR、截图、官方教程、引擎更新、实测或待验证标记；没有证据时降低语气。
WARN,truth-risk,docs/脚本系统/专题研究/组件添加界面深度解析.md,156,强结论缺少附近证据提示：- 道具组件只能挂在道具素材上,建议补充 OCR、截图、官方教程、引擎更新、实测或待验证标记；没有证据时降低语气。
WARN,truth-risk,docs/脚本系统/专题研究/组件添加界面深度解析.md,159,强结论缺少附近证据提示：这意味着创游的组件系统并不是完全自由拼装，而是“有约束的可组合”。,建议补充 OCR、截图、官方教程、引擎更新、实测或待验证标记；没有证据时降低语气。
WARN,truth-risk,docs/脚本系统/专题研究/组件添加界面深度解析.md,170,强结论缺少附近证据提示：很多常见表现完全可以通过显示类组件解决，而不是全部依赖事件脚本。,建议补充 OCR、截图、官方教程、引擎更新、实测或待验证标记；没有证据时降低语气。
WARN,truth-risk,docs/教程资料/常见问题与避坑指南.md,28,强结论缺少附近证据提示：1. **素材≠物体**：素材是模板，物体是实例，修改素材不会自动更新已摆放的物体,建议补充 OCR、截图、官方教程、引擎更新、实测或待验证标记；没有证据时降低语气。
WARN,truth-risk,docs/教程资料/常见问题与避坑指南.md,41,强结论缺少附近证据提示：修改素材后，地图里已有的物体不一定自动变化，因为它们已经是实例化后的个体。,建议补充 OCR、截图、官方教程、引擎更新、实测或待验证标记；没有证据时降低语气。
WARN,truth-risk,docs/教程资料/常见问题与避坑指南.md,62,强结论缺少附近证据提示：> 📚 相关阅读：[创游世界组件系统完全指南](./专题研究/创游世界组件系统完全指南.md),建议补充 OCR、截图、官方教程、引擎更新、实测或待验证标记；没有证据时降低语气。
WARN,truth-risk,docs/教程资料/常见问题与避坑指南.md,103,强结论缺少附近证据提示：- 玩家对象必须挂载「角色组件」,建议补充 OCR、截图、官方教程、引擎更新、实测或待验证标记；没有证据时降低语气。
WARN,truth-risk,docs/教程资料/常见问题与避坑指南.md,146,强结论缺少附近证据提示：**原因：** 修改配置表后，已经存在的旧存档不会自动同步新结构。,建议补充 OCR、截图、官方教程、引擎更新、实测或待验证标记；没有证据时降低语气。
WARN,truth-risk,docs/教程资料/常见问题与避坑指南.md,154,强结论缺少附近证据提示：> 📚 相关阅读：[创游世界变量与作用域完全指南](../核心研究/创游世界变量与作用域完全指南.md),建议补充 OCR、截图、官方教程、引擎更新、实测或待验证标记；没有证据时降低语气。
WARN,truth-risk,docs/教程资料/常见问题与避坑指南.md,158,强结论缺少附近证据提示：**A：** 地图里的物体是实例，修改素材模板不会自动更新已摆放的物体。,建议补充 OCR、截图、官方教程、引擎更新、实测或待验证标记；没有证据时降低语气。
WARN,truth-risk,docs/教程资料/常见问题与避坑指南.md,204,强结论缺少附近证据提示：- 确认广播名称完全一致（包括大小写）,建议补充 OCR、截图、官方教程、引擎更新、实测或待验证标记；没有证据时降低语气。
WARN,truth-risk,docs/教程资料/常见问题与避坑指南.md,364,强结论缺少附近证据提示：- [创游世界变量与作用域完全指南](../核心研究/创游世界变量与作用域完全指南.md) - 变量详解,建议补充 OCR、截图、官方教程、引擎更新、实测或待验证标记；没有证据时降低语气。
WARN,truth-risk,docs/教程资料/创游世界编辑器基础入门.md,42,强结论缺少附近证据提示：| 素材区 | 左侧 | 管理所有素材、组件、脚本配置 |,建议补充 OCR、截图、官方教程、引擎更新、实测或待验证标记；没有证据时降低语气。
WARN,truth-risk,docs/教程资料/创游世界编辑器基础入门.md,98,强结论缺少附近证据提示：- 修改素材模板，不会自动更新地图里已有的物体,建议补充 OCR、截图、官方教程、引擎更新、实测或待验证标记；没有证据时降低语气。
WARN,truth-risk,docs/教程资料/创游世界变量入门完全指南.md,21,强结论缺少附近证据提示：- 变量使用的最佳实践,建议补充 OCR、截图、官方教程、引擎更新、实测或待验证标记；没有证据时降低语气。
WARN,truth-risk,docs/教程资料/创游世界变量入门完全指南.md,140,强结论缺少附近证据提示：**定义**：当前地图内所有物体共享,建议补充 OCR、截图、官方教程、引擎更新、实测或待验证标记；没有证据时降低语气。
WARN,truth-risk,docs/教程资料/创游世界变量入门完全指南.md,172,强结论缺少附近证据提示：| 作用域 | 全局（所有地图） |,建议补充 OCR、截图、官方教程、引擎更新、实测或待验证标记；没有证据时降低语气。
WARN,truth-risk,docs/教程资料/创游世界变量入门完全指南.md,364,强结论缺少附近证据提示：不是所有数据都要用玩家变量：,建议补充 OCR、截图、官方教程、引擎更新、实测或待验证标记；没有证据时降低语气。
WARN,duplicate-title,docs/教程资料/创游世界变量完全指南.md,1,标题重复：创游世界变量完全指南,标题重复不一定错误，但会影响搜索、侧边栏辨识和维护。
WARN,truth-risk,docs/教程资料/创游世界变量完全指南.md,9,强结论缺少附近证据提示：本文详细介绍创游世界中的变量系统，解释什么是变量、不同类型的变量、如何选择合适的作用域，以及变量的使用场景和最佳实践。,建议补充 OCR、截图、官方教程、引擎更新、实测或待验证标记；没有证据时降低语气。
WARN,truth-risk,docs/教程资料/创游世界变量完全指南.md,13,"强结论缺少附近证据提示：- 完全不知道""变量""是什么的初学者",建议补充 OCR、截图、官方教程、引擎更新、实测或待验证标记；没有证据时降低语气。
WARN,truth-risk,docs/教程资料/创游世界变量完全指南.md,23,强结论缺少附近证据提示：- 变量的使用场景和最佳实践,建议补充 OCR、截图、官方教程、引擎更新、实测或待验证标记；没有证据时降低语气。
WARN,truth-risk,docs/教程资料/创游世界变量完全指南.md,71,强结论缺少附近证据提示：| **3** | 地图属性 | 地图存在期间 | 同地图所有物体 |,建议补充 OCR、截图、官方教程、引擎更新、实测或待验证标记；没有证据时降低语气。
WARN,truth-risk,docs/教程资料/创游世界变量完全指南.md,95,强结论缺少附近证据提示：> 相关阅读：[创游世界变量与作用域完全指南](../核心研究/创游世界变量与作用域完全指南.md),建议补充 OCR、截图、官方教程、引擎更新、实测或待验证标记；没有证据时降低语气。
WARN,truth-risk,docs/教程资料/创游世界变量完全指南.md,164,强结论缺少附近证据提示：| 明确变量作用域 | 根据数据用途选择正确的作用域 |,建议补充 OCR、截图、官方教程、引擎更新、实测或待验证标记；没有证据时降低语气。
WARN,truth-risk,docs/教程资料/创游世界变量作用域速查卡.md,70,强结论缺少附近证据提示：**⚠️ 注意**：局部变量执行完就消失，不能跨脚本持久，不能跨物体访问。,建议补充 OCR、截图、官方教程、引擎更新、实测或待验证标记；没有证据时降低语气。
WARN,truth-risk,docs/教程资料/创游世界变量作用域速查卡.md,103,强结论缺少附近证据提示：**A**：地图属性是挂载在当前地图上的数据，当前地图里所有物体都能访问。,建议补充 OCR、截图、官方教程、引擎更新、实测或待验证标记；没有证据时降低语气。
WARN,truth-risk,docs/教程资料/创游世界变量作用域速查卡.md,190,强结论缺少附近证据提示：| 其他物体无法访问 | 改用地图属性或玩家变量 |,建议补充 OCR、截图、官方教程、引擎更新、实测或待验证标记；没有证据时降低语气。
WARN,truth-risk,docs/教程资料/创游世界变量作用域速查卡.md,220,强结论缺少附近证据提示：| 跨对象访问 | ❌ 不能 | ❌ 不能 |,建议补充 OCR、截图、官方教程、引擎更新、实测或待验证标记；没有证据时降低语气。
WARN,truth-risk,docs/教程资料/创游世界触发时机速查卡.md,41,强结论缺少附近证据提示：**A**：脚本不会执行。没有触发时机的积木块是「死代码」。,建议补充 OCR、截图、官方教程、引擎更新、实测或待验证标记；没有证据时降低语气。
WARN,truth-risk,docs/教程资料/创游世界触发时机速查卡.md,58,强结论缺少附近证据提示：**对应组件**：不需要特定组件，所有物体都有。,建议补充 OCR、截图、官方教程、引擎更新、实测或待验证标记；没有证据时降低语气。
WARN,truth-risk,docs/教程资料/创游世界触发时机速查卡.md,311,强结论缺少附近证据提示：**重要**：无限循环内必须有「等待」积木，否则会导致游戏卡死。,建议补充 OCR、截图、官方教程、引擎更新、实测或待验证标记；没有证据时降低语气。
WARN,truth-risk,docs/教程资料/创游世界触发时机速查卡.md,430,强结论缺少附近证据提示：1. 是否有触发时机（没有则不会执行）,建议补充 OCR、截图、官方教程、引擎更新、实测或待验证标记；没有证据时降低语气。
WARN,truth-risk,docs/教程资料/创游世界触发时机速查卡.md,456,强结论缺少附近证据提示：**A**：触发时机不能嵌套，但一个触发时机内的积木块可以有条件判断和循环。,建议补充 OCR、截图、官方教程、引擎更新、实测或待验证标记；没有证据时降低语气。
WARN,truth-risk,docs/教程资料/创游世界触发时机速查卡.md,505,强结论缺少附近证据提示：- [创游世界脚本入门完全指南](./专题研究/创游世界脚本入门完全指南.md),建议补充 OCR、截图、官方教程、引擎更新、实测或待验证标记；没有证据时降低语气。
WARN,truth-risk,docs/教程资料/创游世界触发时机速查卡.md,506,强结论缺少附近证据提示：- [创游世界触发时机完全指南](../脚本系统/专题研究/创游世界触发时机完全指南.md),建议补充 OCR、截图、官方教程、引擎更新、实测或待验证标记；没有证据时降低语气。
WARN,truth-risk,docs/教程资料/创游世界触发时机速查卡.md,507,强结论缺少附近证据提示：- [创游世界广播机制完全指南](./创游世界广播机制完全指南.md),建议补充 OCR、截图、官方教程、引擎更新、实测或待验证标记；没有证据时降低语气。
WARN,duplicate-title,docs/教程资料/创游世界发布与分享指南.md,1,标题重复：创游世界发布与分享指南,标题重复不一定错误，但会影响搜索、侧边栏辨识和维护。
WARN,truth-risk,docs/教程资料/创游世界发布与分享指南.md,39,强结论缺少附近证据提示：| UI 界面 | 所有界面是否正常显示 | ☐ |,建议补充 OCR、截图、官方教程、引擎更新、实测或待验证标记；没有证据时降低语气。
WARN,truth-risk,docs/教程资料/创游世界概念速查卡.md,33,强结论缺少附近证据提示：- **物体** = 素材在地图中的实例，修改素材不会更新已有物体,建议补充 OCR、截图、官方教程、引擎更新、实测或待验证标记；没有证据时降低语气。
WARN,truth-risk,docs/教程资料/创游世界概念速查卡.md,67,强结论缺少附近证据提示：**A**：在单次脚本执行中临时使用，执行完就消失。不能跨触发时机、不能跨物体、切换地图会清除。,建议补充 OCR、截图、官方教程、引擎更新、实测或待验证标记；没有证据时降低语气。
WARN,truth-risk,docs/教程资料/创游世界概念速查卡.md,162,强结论缺少附近证据提示：**A**：向当前地图所有物体发送消息的事件通知机制。用于跨物体通信、解耦模块。,建议补充 OCR、截图、官方教程、引擎更新、实测或待验证标记；没有证据时降低语气。
WARN,truth-risk,docs/教程资料/创游世界概念速查卡.md,182,强结论缺少附近证据提示：**A**：默认不行，只能被当前地图的物体接收。需要跨地图通信时使用玩家变量或地图属性。,建议补充 OCR、截图、官方教程、引擎更新、实测或待验证标记；没有证据时降低语气。
WARN,truth-risk,docs/教程资料/创游世界概念速查卡.md,232,强结论缺少附近证据提示：**A**：无限循环内必须有「等待」积木，如：,建议补充 OCR、截图、官方教程、引擎更新、实测或待验证标记；没有证据时降低语气。
WARN,duplicate-title,docs/教程资料/创游世界广播机制完全指南.md,1,标题重复：创游世界广播机制完全指南,标题重复不一定错误，但会影响搜索、侧边栏辨识和维护。
WARN,truth-risk,docs/教程资料/创游世界广播机制完全指南.md,6,强结论缺少附近证据提示：本文全面讲解创游世界广播机制的工作原理、使用场景、最佳实践和常见问题，帮助理解如何通过广播实现对象间的解耦通信。,建议补充 OCR、截图、官方教程、引擎更新、实测或待验证标记；没有证据时降低语气。
WARN,truth-risk,docs/教程资料/创游世界广播机制完全指南.md,29,强结论缺少附近证据提示：**广播是一种消息发布-订阅机制**，用于对象间的解耦通信。当某个对象发送广播时，所有监听该广播的脚本都会执行，不需要发送者知道谁在监听。,建议补充 OCR、截图、官方教程、引擎更新、实测或待验证标记；没有证据时降低语气。
WARN,truth-risk,docs/教程资料/创游世界广播机制完全指南.md,305,强结论缺少附近证据提示：| 监听者在广播发送时是否存在 | 如果对象已销毁则不会响应 |,建议补充 OCR、截图、官方教程、引擎更新、实测或待验证标记；没有证据时降低语气。
WARN,truth-risk,docs/教程资料/创游世界广播机制完全指南.md,322,强结论缺少附近证据提示：3. 记录所有广播的用途,建议补充 OCR、截图、官方教程、引擎更新、实测或待验证标记；没有证据时降低语气。
WARN,truth-risk,docs/教程资料/创游世界广播机制完全指南.md,345,强结论缺少附近证据提示：某些组件事件会自动触发广播：,建议补充 OCR、截图、官方教程、引擎更新、实测或待验证标记；没有证据时降低语气。
WARN,truth-risk,docs/教程资料/创游世界广播机制完全指南.md,365,强结论缺少附近证据提示：| ✓ 是否避免了过度使用广播 | 不是所有场景都需要广播 |,建议补充 OCR、截图、官方教程、引擎更新、实测或待验证标记；没有证据时降低语气。
WARN,truth-risk,docs/教程资料/创游世界广播使用速查卡.md,14,强结论缺少附近证据提示：- 想了解广播最佳实践的学习者,建议补充 OCR、截图、官方教程、引擎更新、实测或待验证标记；没有证据时降低语气。
WARN,truth-risk,docs/教程资料/创游世界广播使用速查卡.md,145,强结论缺少附近证据提示：**A**：可以。所有监听该广播的脚本都会执行。,建议补充 OCR、截图、官方教程、引擎更新、实测或待验证标记；没有证据时降低语气。
WARN,truth-risk,docs/教程资料/创游世界广播使用速查卡.md,156,强结论缺少附近证据提示：**A**：默认不行，只能被当前地图的物体接收。跨地图通信需要用玩家变量或系统属性。,建议补充 OCR、截图、官方教程、引擎更新、实测或待验证标记；没有证据时降低语气。
WARN,truth-risk,docs/教程资料/创游世界广播使用速查卡.md,340,强结论缺少附近证据提示：- [创游世界广播机制完全指南](../核心研究/创游世界广播机制完全指南.md),建议补充 OCR、截图、官方教程、引擎更新、实测或待验证标记；没有证据时降低语气。
WARN,truth-risk,docs/教程资料/创游世界广播完全指南.md,22,强结论缺少附近证据提示：- 广播命名的最佳实践,建议补充 OCR、截图、官方教程、引擎更新、实测或待验证标记；没有证据时降低语气。
WARN,truth-risk,docs/教程资料/创游世界广播完全指南.md,75,强结论缺少附近证据提示：- 所有关心这个事件的对象都可以监听,建议补充 OCR、截图、官方教程、引擎更新、实测或待验证标记；没有证据时降低语气。
WARN,truth-risk,docs/教程资料/创游世界广播完全指南.md,161,强结论缺少附近证据提示：> ⚠️ **注意**：广播默认只能在当前地图内传播，不能跨地图通信。跨地图通信需要用玩家变量或系统属性。,建议补充 OCR、截图、官方教程、引擎更新、实测或待验证标记；没有证据时降低语气。
WARN,truth-risk,docs/教程资料/创游世界广播完全指南.md,327,强结论缺少附近证据提示：| 监听者在广播发送时是否存在 | 如果对象已销毁则不会响应 |,建议补充 OCR、截图、官方教程、引擎更新、实测或待验证标记；没有证据时降低语气。
WARN,truth-risk,docs/教程资料/创游世界核心概念问答.md,47,强结论缺少附近证据提示：- 修改素材 → 所有同名物体的外观和能力都会变,建议补充 OCR、截图、官方教程、引擎更新、实测或待验证标记；没有证据时降低语气。
WARN,truth-risk,docs/教程资料/创游世界核心概念问答.md,87,强结论缺少附近证据提示：**简单理解**：广播 = 对讲机喊话（所有人都能听到）,建议补充 OCR、截图、官方教程、引擎更新、实测或待验证标记；没有证据时降低语气。
WARN,truth-risk,docs/教程资料/创游世界核心概念问答.md,119,强结论缺少附近证据提示：| 全局变量 | 所有物体 | 场景切换前 |,建议补充 OCR、截图、官方教程、引擎更新、实测或待验证标记；没有证据时降低语气。
WARN,truth-risk,docs/教程资料/创游世界核心概念问答.md,200,强结论缺少附近证据提示：1. **应用到原素材**：把所有该素材的物体同步更新,建议补充 OCR、截图、官方教程、引擎更新、实测或待验证标记；没有证据时降低语气。
WARN,truth-risk,docs/教程资料/创游世界核心概念问答.md,226,强结论缺少附近证据提示：| 广播没效果 | 检查名称是否完全一致 |,建议补充 OCR、截图、官方教程、引擎更新、实测或待验证标记；没有证据时降低语气。
WARN,truth-risk,docs/教程资料/创游世界脚本调试指南.md,224,强结论缺少附近证据提示：- [ ] 有触发时机（没有则不会执行）,建议补充 OCR、截图、官方教程、引擎更新、实测或待验证标记；没有证据时降低语气。
WARN,truth-risk,docs/教程资料/创游世界脚本调试指南.md,236,强结论缺少附近证据提示：1. 广播名称是否完全一致？,建议补充 OCR、截图、官方教程、引擎更新、实测或待验证标记；没有证据时降低语气。
WARN,truth-risk,docs/教程资料/创游世界脚本调试指南.md,243,强结论缺少附近证据提示：- [ ] 发送和接收的广播名完全一致,建议补充 OCR、截图、官方教程、引擎更新、实测或待验证标记；没有证据时降低语气。
WARN,truth-risk,docs/教程资料/创游世界脚本调试指南.md,373,强结论缺少附近证据提示：- [创游世界脚本入门完全指南](./专题研究/创游世界脚本入门完全指南.md),建议补充 OCR、截图、官方教程、引擎更新、实测或待验证标记；没有证据时降低语气。
WARN,truth-risk,docs/教程资料/创游世界脚本调试指南.md,374,强结论缺少附近证据提示：- [创游世界广播机制完全指南](../核心研究/创游世界广播机制完全指南.md),建议补充 OCR、截图、官方教程、引擎更新、实测或待验证标记；没有证据时降低语气。
WARN,truth-risk,docs/教程资料/创游世界脚本入门实践.md,62,"强结论缺少附近证据提示：1. 在素材区创建一个""按钮""素材（可以是任何你觉得像按钮的图片）",建议补充 OCR、截图、官方教程、引擎更新、实测或待验证标记；没有证据时降低语气。
WARN,truth-risk,docs/教程资料/创游世界脚本入门实践.md,313,强结论缺少附近证据提示：- [创游世界脚本入门完全指南](./专题研究/创游世界脚本入门完全指南.md) - 了解脚本的完整能力,建议补充 OCR、截图、官方教程、引擎更新、实测或待验证标记；没有证据时降低语气。
WARN,duplicate-title,docs/教程资料/创游世界脚本入门完全指南.md,1,标题重复：创游世界脚本入门完全指南,标题重复不一定错误，但会影响搜索、侧边栏辨识和维护。
WARN,truth-risk,docs/教程资料/创游世界脚本入门完全指南.md,8,强结论缺少附近证据提示：本文为零基础用户提供创游世界脚本入门完全指南，涵盖触发时机、变量、广播、条件判断、循环等核心概念，通过图文示例帮助新手快速掌握脚本编写基础。,建议补充 OCR、截图、官方教程、引擎更新、实测或待验证标记；没有证据时降低语气。
WARN,truth-risk,docs/教程资料/创游世界脚本入门完全指南.md,150,强结论缺少附近证据提示：| 地图属性 | 地图存在期间 | 当前地图所有物体 |,建议补充 OCR、截图、官方教程、引擎更新、实测或待验证标记；没有证据时降低语气。
WARN,truth-risk,docs/教程资料/创游世界脚本入门完全指南.md,401,强结论缺少附近证据提示：2. 广播名称是否完全一致？,建议补充 OCR、截图、官方教程、引擎更新、实测或待验证标记；没有证据时降低语气。
WARN,truth-risk,docs/教程资料/创游世界脚本入门完全指南.md,463,强结论缺少附近证据提示：- [创游世界广播机制完全指南](../核心研究/创游世界广播机制完全指南.md) - 广播详解,建议补充 OCR、截图、官方教程、引擎更新、实测或待验证标记；没有证据时降低语气。
WARN,truth-risk,docs/教程资料/创游世界脚本入门完全指南.md,464,强结论缺少附近证据提示：- [创游世界变量与作用域完全指南](../核心研究/创游世界变量与作用域完全指南.md) - 变量详解,建议补充 OCR、截图、官方教程、引擎更新、实测或待验证标记；没有证据时降低语气。
WARN,truth-risk,docs/教程资料/创游世界快速入门完全指南.md,93,强结论缺少附近证据提示：| 素材区 | 左侧 | 管理所有素材（角色、道具、装饰等） |,建议补充 OCR、截图、官方教程、引擎更新、实测或待验证标记；没有证据时降低语气。
WARN,truth-risk,docs/教程资料/创游世界快速入门完全指南.md,130,强结论缺少附近证据提示：| 组件 | 作用 | 必须 |,建议补充 OCR、截图、官方教程、引擎更新、实测或待验证标记；没有证据时降低语气。
WARN,truth-risk,docs/教程资料/创游世界快速入门完全指南.md,152,强结论缺少附近证据提示：- 角色组件会自动与物理组件配合,建议补充 OCR、截图、官方教程、引擎更新、实测或待验证标记；没有证据时降低语气。
WARN,truth-risk,docs/教程资料/创游世界快速入门完全指南.md,276,强结论缺少附近证据提示：| 地图里所有怪物共享的波次 | 地图属性 |,建议补充 OCR、截图、官方教程、引擎更新、实测或待验证标记；没有证据时降低语气。
WARN,truth-risk,docs/教程资料/创游世界快速入门完全指南.md,294,强结论缺少附近证据提示：广播是一种「发消息给所有对象」的通知机制。,建议补充 OCR、截图、官方教程、引擎更新、实测或待验证标记；没有证据时降低语气。
WARN,truth-risk,docs/教程资料/创游世界快速入门完全指南.md,413,强结论缺少附近证据提示：| [变量与作用域完全指南](../核心研究/创游世界变量与作用域完全指南.md) | 深入理解变量 | ⭐⭐ |,建议补充 OCR、截图、官方教程、引擎更新、实测或待验证标记；没有证据时降低语气。
WARN,truth-risk,docs/教程资料/创游世界快速入门完全指南.md,414,强结论缺少附近证据提示：| [组件系统完全指南](../专题研究/创游世界组件系统完全指南.md) | 深入理解组件 | ⭐⭐ |,建议补充 OCR、截图、官方教程、引擎更新、实测或待验证标记；没有证据时降低语气。
WARN,truth-risk,docs/教程资料/创游世界快速上手清单.md,37,强结论缺少附近证据提示：**记住**：修改素材会影响所有物体，修改物体只影响那一个。,建议补充 OCR、截图、官方教程、引擎更新、实测或待验证标记；没有证据时降低语气。
WARN,truth-risk,docs/教程资料/创游世界快速上手清单.md,130,强结论缺少附近证据提示：- 广播名称要完全一致（包括大小写）,建议补充 OCR、截图、官方教程、引擎更新、实测或待验证标记；没有证据时降低语气。
WARN,truth-risk,docs/教程资料/创游世界快速上手清单.md,155,强结论缺少附近证据提示：- [ ] 发送广播和接收广播的名称是否完全一致？,建议补充 OCR、截图、官方教程、引擎更新、实测或待验证标记；没有证据时降低语气。
WARN,truth-risk,docs/教程资料/创游世界快速上手清单.md,173,强结论缺少附近证据提示：| 变量名长度 | 不超过一定字符 | 建议简短有意义 |,建议补充 OCR、截图、官方教程、引擎更新、实测或待验证标记；没有证据时降低语气。
WARN,truth-risk,docs/教程资料/创游世界联机基础实战教程.md,54,强结论缺少附近证据提示：- **地图状态**：所有玩家共同看到的游戏世界,建议补充 OCR、截图、官方教程、引擎更新、实测或待验证标记；没有证据时降低语气。
WARN,truth-risk,docs/教程资料/创游世界联机基础实战教程.md,71,强结论缺少附近证据提示：| **状态数据** | 任务进度、NPC对话状态 | 视需求选择私有或公共 | 明确哪些玩家能看到哪些状态 |,建议补充 OCR、截图、官方教程、引擎更新、实测或待验证标记；没有证据时降低语气。
WARN,truth-risk,docs/教程资料/创游世界联机基础实战教程.md,190,强结论缺少附近证据提示：2. 编写交互脚本：点击 → 发「宝箱_开启」广播 → 所有玩家看到宝箱打开动画,建议补充 OCR、截图、官方教程、引擎更新、实测或待验证标记；没有证据时降低语气。
WARN,truth-risk,docs/教程资料/创游世界联机基础实战教程.md,191,强结论缺少附近证据提示：3. 用广播驱动，确保所有玩家状态一致,建议补充 OCR、截图、官方教程、引擎更新、实测或待验证标记；没有证据时降低语气。
WARN,truth-risk,docs/教程资料/创游世界联机基础实战教程.md,233,"强结论缺少附近证据提示：1. **联机不是无延迟的**：所有联机功能都要考虑网络延迟，不能假设""操作立即生效""",建议补充 OCR、截图、官方教程、引擎更新、实测或待验证标记；没有证据时降低语气。
WARN,truth-risk,docs/教程资料/创游世界联机基础实战教程.md,243,强结论缺少附近证据提示：- [创游世界联机系统完全指南](/核心研究/创游世界联机系统完全指南.md) - 联机系统完整技术文档,建议补充 OCR、截图、官方教程、引擎更新、实测或待验证标记；没有证据时降低语气。
WARN,duplicate-title,docs/教程资料/创游世界商店系统速查卡.md,1,标题重复：创游世界商店系统速查卡,标题重复不一定错误，但会影响搜索、侧边栏辨识和维护。
WARN,truth-risk,docs/教程资料/创游世界术语速查.md,34,强结论缺少附近证据提示：**注意**：修改素材后，地图中已有的物体不会自动更新。,建议补充 OCR、截图、官方教程、引擎更新、实测或待验证标记；没有证据时降低语气。
WARN,truth-risk,docs/教程资料/创游世界术语速查.md,54,强结论缺少附近证据提示：**含义**：管理项目中所有素材的区域，包括导入、创建、整理素材。,建议补充 OCR、截图、官方教程、引擎更新、实测或待验证标记；没有证据时降低语气。
WARN,truth-risk,docs/教程资料/创游世界术语速查.md,108,强结论缺少附近证据提示：**特点**：不能跨脚本持久，不能跨物体访问，切地图会清除。,建议补充 OCR、截图、官方教程、引擎更新、实测或待验证标记；没有证据时降低语气。
WARN,truth-risk,docs/教程资料/创游世界术语速查.md,116,强结论缺少附近证据提示：**特点**：地图内所有物体都可以访问。,建议补充 OCR、截图、官方教程、引擎更新、实测或待验证标记；没有证据时降低语气。
WARN,truth-risk,docs/教程资料/创游世界术语速查.md,120,强结论缺少附近证据提示：**特点**：所有地图、所有物体都可以访问。,建议补充 OCR、截图、官方教程、引擎更新、实测或待验证标记；没有证据时降低语气。
WARN,truth-risk,docs/教程资料/创游世界术语速查.md,127,强结论缺少附近证据提示：**含义**：向当前地图所有物体发送消息的事件通知机制。,建议补充 OCR、截图、官方教程、引擎更新、实测或待验证标记；没有证据时降低语气。
WARN,truth-risk,docs/教程资料/创游世界数据类型速查卡.md,8,强结论缺少附近证据提示：创游世界脚本系统支持多种数据类型，包括数字、真假值、文本、数组、结构体和物品类型。本文用快问快答的形式帮助你快速理解和选择正确的数据类型。,建议补充 OCR、截图、官方教程、引擎更新、实测或待验证标记；没有证据时降低语气。
WARN,truth-risk,docs/教程资料/创游世界数据类型速查卡.md,262,"强结论缺少附近证据提示：| 记录背包所有物品 | 数组 | `背包列表 = [""血瓶"", ""金币"", ""钥匙""]` |",建议补充 OCR、截图、官方教程、引擎更新、实测或待验证标记；没有证据时降低语气。
WARN,truth-risk,docs/教程资料/创游世界素材导入与管理指南.md,15,强结论缺少附近证据提示：- 想学习素材管理最佳实践的任何人,建议补充 OCR、截图、官方教程、引擎更新、实测或待验证标记；没有证据时降低语气。
WARN,truth-risk,docs/教程资料/创游世界素材导入与管理指南.md,239,强结论缺少附近证据提示：2. 选择「选中所有使用此素材的物体」,建议补充 OCR、截图、官方教程、引擎更新、实测或待验证标记；没有证据时降低语气。
WARN,truth-risk,docs/教程资料/创游世界项目开发流程指南.md,404,强结论缺少附近证据提示：- 所有素材是否到位,建议补充 OCR、截图、官方教程、引擎更新、实测或待验证标记；没有证据时降低语气。
WARN,truth-risk,docs/教程资料/创游世界新手避坑完全指南.md,22,强结论缺少附近证据提示：- 广播机制的最佳实践,建议补充 OCR、截图、官方教程、引擎更新、实测或待验证标记；没有证据时降低语气。
WARN,truth-risk,docs/教程资料/创游世界新手避坑完全指南.md,27,强结论缺少附近证据提示：1. **素材≠物体**：修改素材不会自动更新地图中已有的物体实例,建议补充 OCR、截图、官方教程、引擎更新、实测或待验证标记；没有证据时降低语气。
WARN,truth-risk,docs/教程资料/创游世界新手避坑完全指南.md,28,强结论缺少附近证据提示：2. **组件=能力**：不挂组件的物体只是静态图片，无法产生交互,建议补充 OCR、截图、官方教程、引擎更新、实测或待验证标记；没有证据时降低语气。
WARN,truth-risk,docs/教程资料/创游世界新手避坑完全指南.md,42,强结论缺少附近证据提示：**原因**：素材是模板，修改素材不会自动更新地图中已有的物体实例。,建议补充 OCR、截图、官方教程、引擎更新、实测或待验证标记；没有证据时降低语气。
WARN,truth-risk,docs/教程资料/创游世界新手避坑完全指南.md,60,强结论缺少附近证据提示：**原因**：缺少「角色组件」，只有物理组件只能被动受力，不能被玩家控制。,建议补充 OCR、截图、官方教程、引擎更新、实测或待验证标记；没有证据时降低语气。
WARN,truth-risk,docs/教程资料/创游世界新手避坑完全指南.md,158,强结论缺少附近证据提示：**局部变量的特点**：只在当前脚本执行时存在，执行完就消失，不能跨触发时机使用。,建议补充 OCR、截图、官方教程、引擎更新、实测或待验证标记；没有证据时降低语气。
WARN,truth-risk,docs/教程资料/创游世界新手避坑完全指南.md,162,强结论缺少附近证据提示：> 📚 相关阅读：[创游世界变量与作用域完全指南](../核心研究/创游世界变量与作用域完全指南.md) - 变量详解,建议补充 OCR、截图、官方教程、引擎更新、实测或待验证标记；没有证据时降低语气。
WARN,truth-risk,docs/教程资料/创游世界新手避坑完全指南.md,168,强结论缺少附近证据提示：**错误做法**：发送了广播但没有任何反应。,建议补充 OCR、截图、官方教程、引擎更新、实测或待验证标记；没有证据时降低语气。
WARN,truth-risk,docs/教程资料/创游世界新手避坑完全指南.md,172,强结论缺少附近证据提示：2. 检查广播名称是否完全一致（包括大小写、空格）,建议补充 OCR、截图、官方教程、引擎更新、实测或待验证标记；没有证据时降低语气。
WARN,truth-risk,docs/教程资料/创游世界新手避坑完全指南.md,185,强结论缺少附近证据提示：> 📚 相关阅读：[创游世界广播命名规范与最佳实践](../脚本系统/创游世界广播命名规范与最佳实践.md) - 广播命名规范,建议补充 OCR、截图、官方教程、引擎更新、实测或待验证标记；没有证据时降低语气。
WARN,truth-risk,docs/教程资料/创游世界新手避坑完全指南.md,271,强结论缺少附近证据提示：1. 怪物有没有物理组件（没有物理就无法碰撞）,建议补充 OCR、截图、官方教程、引擎更新、实测或待验证标记；没有证据时降低语气。
WARN,truth-risk,docs/教程资料/创游世界新手避坑完全指南.md,317,强结论缺少附近证据提示：**常见误解**：以为加了组件就会自动有功能，实际上组件只是「能力」，还需要脚本「使用」这个能力。,建议补充 OCR、截图、官方教程、引擎更新、实测或待验证标记；没有证据时降低语气。
WARN,truth-risk,docs/教程资料/创游世界新手避坑完全指南.md,354,强结论缺少附近证据提示：> 📚 相关阅读：[创游世界组件系统完全指南](./专题研究/创游世界组件系统完全指南.md) - 组件系统详解,建议补充 OCR、截图、官方教程、引擎更新、实测或待验证标记；没有证据时降低语气。
WARN,truth-risk,docs/教程资料/创游世界新手避坑完全指南.md,370,强结论缺少附近证据提示：**问题**：每次点击，局部变量都重置为0，所以计数永远只显示1。,建议补充 OCR、截图、官方教程、引擎更新、实测或待验证标记；没有证据时降低语气。
WARN,truth-risk,docs/教程资料/创游世界新手避坑完全指南.md,374,强结论缺少附近证据提示：> 📚 相关阅读：[创游世界变量与作用域完全指南](../核心研究/创游世界变量与作用域完全指南.md) - 变量详解,建议补充 OCR、截图、官方教程、引擎更新、实测或待验证标记；没有证据时降低语气。
WARN,truth-risk,docs/教程资料/创游世界新手避坑完全指南.md,402,强结论缺少附近证据提示：- 使用地图属性（地图内所有物体都能访问）,建议补充 OCR、截图、官方教程、引擎更新、实测或待验证标记；没有证据时降低语气。
WARN,truth-risk,docs/教程资料/创游世界新手避坑完全指南.md,434,强结论缺少附近证据提示：- 数据修改必须通过明确的广播或指令,建议补充 OCR、截图、官方教程、引擎更新、实测或待验证标记；没有证据时降低语气。
WARN,truth-risk,docs/教程资料/创游世界新手避坑完全指南.md,452,强结论缺少附近证据提示：> 📚 相关阅读：[创游世界广播命名规范与最佳实践](../脚本系统/创游世界广播命名规范与最佳实践.md) - 广播命名规范,建议补充 OCR、截图、官方教程、引擎更新、实测或待验证标记；没有证据时降低语气。
WARN,truth-risk,docs/教程资料/创游世界新手避坑完全指南.md,484,强结论缺少附近证据提示：**错误示例**：一个广播承担了所有功能（扣血、加分、发道具、刷新UI...）,建议补充 OCR、截图、官方教程、引擎更新、实测或待验证标记；没有证据时降低语气。
WARN,truth-risk,docs/教程资料/创游世界新手避坑完全指南.md,698,强结论缺少附近证据提示：**表现**：后期完全不知道每个广播是干什么的。,建议补充 OCR、截图、官方教程、引擎更新、实测或待验证标记；没有证据时降低语气。
WARN,truth-risk,docs/教程资料/创游世界新手避坑完全指南.md,726,强结论缺少附近证据提示：- [创游世界变量与作用域完全指南](../核心研究/创游世界变量与作用域完全指南.md) - 变量详解,建议补充 OCR、截图、官方教程、引擎更新、实测或待验证标记；没有证据时降低语气。
WARN,truth-risk,docs/教程资料/创游世界新手避坑完全指南.md,737,强结论缺少附近证据提示：- [创游世界广播命名规范与最佳实践](../脚本系统/创游世界广播命名规范与最佳实践.md) - 广播命名规范,建议补充 OCR、截图、官方教程、引擎更新、实测或待验证标记；没有证据时降低语气。
WARN,truth-risk,docs/教程资料/创游世界新手常见问题汇总.md,25,强结论缺少附近证据提示：1. **素材≠物体**：素材是模板，物体是实例，修改素材不会自动更新地图物体,建议补充 OCR、截图、官方教程、引擎更新、实测或待验证标记；没有证据时降低语气。
WARN,truth-risk,docs/教程资料/创游世界新手常见问题汇总.md,58,强结论缺少附近证据提示：**注意**：角色必须同时挂物理组件和角色组件才能移动。,建议补充 OCR、截图、官方教程、引擎更新、实测或待验证标记；没有证据时降低语气。
WARN,truth-risk,docs/教程资料/创游世界新手常见问题汇总.md,88,强结论缺少附近证据提示：- 地块素材：不能改变类型,建议补充 OCR、截图、官方教程、引擎更新、实测或待验证标记；没有证据时降低语气。
WARN,truth-risk,docs/教程资料/创游世界新手常见问题汇总.md,94,强结论缺少附近证据提示：**A**：这是因为地图中的物体是素材的「实例」，修改素材不会自动更新已有实例。,建议补充 OCR、截图、官方教程、引擎更新、实测或待验证标记；没有证据时降低语气。
WARN,truth-risk,docs/教程资料/创游世界新手常见问题汇总.md,99,强结论缺少附近证据提示：3. 或者使用「应用到原素材」功能（如果支持）,建议补充 OCR、截图、官方教程、引擎更新、实测或待验证标记；没有证据时降低语气。
WARN,truth-risk,docs/教程资料/创游世界新手常见问题汇总.md,140,强结论缺少附近证据提示：1. 素材类型不支持该组件（如地块不能挂角色组件）,建议补充 OCR、截图、官方教程、引擎更新、实测或待验证标记；没有证据时降低语气。
WARN,truth-risk,docs/教程资料/创游世界新手常见问题汇总.md,142,强结论缺少附近证据提示：3. 同类组件已挂（如已挂了生命组件就不能再挂另一个生命组件）,建议补充 OCR、截图、官方教程、引擎更新、实测或待验证标记；没有证据时降低语气。
WARN,truth-risk,docs/教程资料/创游世界新手常见问题汇总.md,156,强结论缺少附近证据提示：> 📚 相关阅读：[创游世界组件系统完全指南](./专题研究/创游世界组件系统完全指南.md),建议补充 OCR、截图、官方教程、引擎更新、实测或待验证标记；没有证据时降低语气。
WARN,truth-risk,docs/教程资料/创游世界新手常见问题汇总.md,208,强结论缺少附近证据提示：> 📚 相关阅读：[创游世界脚本入门完全指南](./专题研究/创游世界脚本入门完全指南.md),建议补充 OCR、截图、官方教程、引擎更新、实测或待验证标记；没有证据时降低语气。
WARN,truth-risk,docs/教程资料/创游世界新手常见问题汇总.md,255,强结论缺少附近证据提示：1. 广播名是否完全一致？（包括大小写）,建议补充 OCR、截图、官方教程、引擎更新、实测或待验证标记；没有证据时降低语气。
WARN,truth-risk,docs/教程资料/创游世界新手常见问题汇总.md,272,强结论缺少附近证据提示：| 地图属性 | 地图存在期间 | 当前地图所有物体 |,建议补充 OCR、截图、官方教程、引擎更新、实测或待验证标记；没有证据时降低语气。
WARN,truth-risk,docs/教程资料/创游世界新手常见问题汇总.md,581,强结论缺少附近证据提示：> 📚 相关阅读：[创游世界动画与动效系统完全指南](./专题研究/创游世界动画与动效系统完全指南.md),建议补充 OCR、截图、官方教程、引擎更新、实测或待验证标记；没有证据时降低语气。
WARN,truth-risk,docs/教程资料/创游世界新手常见问题速查.md,48,强结论缺少附近证据提示：**A**：素材是模板，放到地图里才变成物体。修改素材后，地图里的物体不一定自动更新。,建议补充 OCR、截图、官方教程、引擎更新、实测或待验证标记；没有证据时降低语气。
WARN,truth-risk,docs/教程资料/创游世界新手常见问题速查.md,105,强结论缺少附近证据提示：**A**：检查：1)广播名称是否完全一致 2)监听脚本是否写在「当收到广播时」触发时机下 3)监听者是否还存在。,建议补充 OCR、截图、官方教程、引擎更新、实测或待验证标记；没有证据时降低语气。
WARN,truth-risk,docs/教程资料/创游世界新手常见问题速查.md,139,强结论缺少附近证据提示：**A**：修改配置表后，旧存档不会自动同步新结构。在「玩家开始时」脚本里做数据同步补丁。,建议补充 OCR、截图、官方教程、引擎更新、实测或待验证标记；没有证据时降低语气。
WARN,truth-risk,docs/教程资料/创游世界新手常见问题速查.md,162,强结论缺少附近证据提示：**A**：地图里的物体是实例，修改素材模板不会自动更新已摆放的物体。使用「应用到原素材」同步，或重新摆物体。,建议补充 OCR、截图、官方教程、引擎更新、实测或待验证标记；没有证据时降低语气。
WARN,truth-risk,docs/教程资料/创游世界新手脚本入门教程.md,94,强结论缺少附近证据提示：> 📚 相关阅读：[创游世界触发时机完全指南](../脚本系统/专题研究/创游世界触发时机完全指南.md) - 触发时机详解,建议补充 OCR、截图、官方教程、引擎更新、实测或待验证标记；没有证据时降低语气。
WARN,truth-risk,docs/教程资料/创游世界新手脚本入门教程.md,122,强结论缺少附近证据提示：| `发送广播` | 向所有物体发送消息 |,建议补充 OCR、截图、官方教程、引擎更新、实测或待验证标记；没有证据时降低语气。
WARN,truth-risk,docs/教程资料/创游世界新手脚本入门教程.md,169,强结论缺少附近证据提示：| **地图属性** | 属于当前地图 | 同地图所有物体共享 |,建议补充 OCR、截图、官方教程、引擎更新、实测或待验证标记；没有证据时降低语气。
WARN,truth-risk,docs/教程资料/创游世界新手脚本入门教程.md,187,强结论缺少附近证据提示：> 📚 相关阅读：[创游世界变量与作用域完全指南](../核心研究/创游世界变量与作用域完全指南.md) - 变量详解,建议补充 OCR、截图、官方教程、引擎更新、实测或待验证标记；没有证据时降低语气。
WARN,truth-risk,docs/教程资料/创游世界新手脚本入门教程.md,246,强结论缺少附近证据提示：> 📚 相关阅读：[创游世界广播命名规范与最佳实践](../脚本系统/创游世界广播命名规范与最佳实践.md) - 广播命名规范,建议补充 OCR、截图、官方教程、引擎更新、实测或待验证标记；没有证据时降低语气。
WARN,truth-risk,docs/教程资料/创游世界新手脚本入门教程.md,314,强结论缺少附近证据提示：3. ✅ 广播名称是否完全一致？,建议补充 OCR、截图、官方教程、引擎更新、实测或待验证标记；没有证据时降低语气。
WARN,truth-risk,docs/教程资料/创游世界新手脚本入门教程.md,350,强结论缺少附近证据提示：| 组件深入 | [创游世界组件系统完全指南](./专题研究/创游世界组件系统完全指南.md) |,建议补充 OCR、截图、官方教程、引擎更新、实测或待验证标记；没有证据时降低语气。
WARN,truth-risk,docs/教程资料/创游世界新手脚本入门教程.md,351,强结论缺少附近证据提示：| 广播进阶 | [创游世界广播机制完全指南](../脚本系统/专题研究/创游世界广播机制完全指南.md) |,建议补充 OCR、截图、官方教程、引擎更新、实测或待验证标记；没有证据时降低语气。
WARN,truth-risk,docs/教程资料/创游世界新手脚本入门教程.md,381,强结论缺少附近证据提示：- [创游世界触发时机完全指南](../脚本系统/专题研究/创游世界触发时机完全指南.md) - 触发时机详解,建议补充 OCR、截图、官方教程、引擎更新、实测或待验证标记；没有证据时降低语气。
WARN,truth-risk,docs/教程资料/创游世界新手快速入门清单.md,30,强结论缺少附近证据提示：> 1. 素材 ≠ 物体，改素材不会更新已有物体,建议补充 OCR、截图、官方教程、引擎更新、实测或待验证标记；没有证据时降低语气。
WARN,truth-risk,docs/教程资料/创游世界新手快速入门清单.md,42,强结论缺少附近证据提示：| 素材区 | 管理项目中的所有资源 |,建议补充 OCR、截图、官方教程、引擎更新、实测或待验证标记；没有证据时降低语气。
WARN,truth-risk,docs/教程资料/创游世界新手快速入门清单.md,87,强结论缺少附近证据提示：> - 修改素材后，地图中已有的物体 **不会** 自动更新,建议补充 OCR、截图、官方教程、引擎更新、实测或待验证标记；没有证据时降低语气。
WARN,truth-risk,docs/教程资料/创游世界新手快速入门清单.md,127,强结论缺少附近证据提示：> - 不挂组件 = 静态图片，物体不会有任何功能,建议补充 OCR、截图、官方教程、引擎更新、实测或待验证标记；没有证据时降低语气。
WARN,truth-risk,docs/教程资料/创游世界新手快速入门清单.md,280,强结论缺少附近证据提示：| 深入脚本 | [创游世界脚本入门完全指南](./专题研究/创游世界脚本入门完全指南.md) |,建议补充 OCR、截图、官方教程、引擎更新、实测或待验证标记；没有证据时降低语气。
WARN,truth-risk,docs/教程资料/创游世界新手快速入门清单.md,281,强结论缺少附近证据提示：| 理解变量 | [创游世界变量完全指南](./专题研究/创游世界变量完全指南.md) |,建议补充 OCR、截图、官方教程、引擎更新、实测或待验证标记；没有证据时降低语气。
WARN,truth-risk,docs/教程资料/创游世界新手问题快速索引.md,79,强结论缺少附近证据提示：| 广播没效果？ | 检查：名称是否完全一致、监听触发时机、对象是否存活 | [创游世界广播使用速查卡](./创游世界广播使用速查卡.md) |,建议补充 OCR、截图、官方教程、引擎更新、实测或待验证标记；没有证据时降低语气。
WARN,truth-risk,docs/教程资料/创游世界新手问题快速索引.md,82,强结论缺少附近证据提示：| 广播可以跨地图吗？ | 默认不行，只能当前地图 | [广播机制完全指南](./专题研究/广播机制完全指南.md) |,建议补充 OCR、截图、官方教程、引擎更新、实测或待验证标记；没有证据时降低语气。
WARN,truth-risk,docs/教程资料/创游世界新手问题快速索引.md,94,强结论缺少附近证据提示：| 数据应该放哪？ | 临时计算→局部变量，对象状态→自身属性，地图共享→地图属性，存档→玩家变量 | [创游世界变量与作用域完全指南](../核心研究/创游世界变量与作用域完全指南.md) |,建议补充 OCR、截图、官方教程、引擎更新、实测或待验证标记；没有证据时降低语气。
WARN,truth-risk,docs/教程资料/创游世界新手问题快速索引.md,127,强结论缺少附近证据提示：| 怪物不会受伤？ | 检查：物理组件、伤害组件、生命组件、碰撞检测 | [创游世界战斗系统速查卡](./创游世界战斗系统速查卡.md) |,建议补充 OCR、截图、官方教程、引擎更新、实测或待验证标记；没有证据时降低语气。
WARN,truth-risk,docs/教程资料/创游世界新手问题快速索引.md,215,强结论缺少附近证据提示：| 素材导入失败？ | 检查素材格式是否支持 | [创游世界素材导入与管理指南](./创游世界素材导入与管理指南.md) |,建议补充 OCR、截图、官方教程、引擎更新、实测或待验证标记；没有证据时降低语气。
WARN,truth-risk,docs/教程资料/创游世界移动端操作指南.md,46,强结论缺少附近证据提示：创游世界编辑器内置了移动端组件支持，主要包括：,建议补充 OCR、截图、官方教程、引擎更新、实测或待验证标记；没有证据时降低语气。
WARN,truth-risk,docs/教程资料/创游世界移动端操作指南.md,165,强结论缺少附近证据提示：创游世界支持自适应 UI，可以使用以下策略：,建议补充 OCR、截图、官方教程、引擎更新、实测或待验证标记；没有证据时降低语气。
WARN,truth-risk,docs/教程资料/创游世界移动端操作指南.md,192,强结论缺少附近证据提示：长列表（如任务列表、背包）需要支持滑动：,建议补充 OCR、截图、官方教程、引擎更新、实测或待验证标记；没有证据时降低语气。
WARN,truth-risk,docs/教程资料/创游世界音乐与音效系统入门.md,369,强结论缺少附近证据提示：| 音效格式 | 确认格式被引擎支持 |,建议补充 OCR、截图、官方教程、引擎更新、实测或待验证标记；没有证据时降低语气。
WARN,truth-risk,docs/教程资料/创游世界游戏开发完整入门指南.md,33,强结论缺少附近证据提示：1. **素材 ≠ 物体**：素材是模板，放到地图里才变成物体，修改素材不会自动更新已摆放的物体,建议补充 OCR、截图、官方教程、引擎更新、实测或待验证标记；没有证据时降低语气。
WARN,truth-risk,docs/教程资料/创游世界游戏开发完整入门指南.md,54,强结论缺少附近证据提示：| 联机支持 | 支持多人联机游戏 |,建议补充 OCR、截图、官方教程、引擎更新、实测或待验证标记；没有证据时降低语气。
WARN,truth-risk,docs/教程资料/创游世界游戏开发完整入门指南.md,131,"强结论缺少附近证据提示：**关键点：** 素材本身不会出现在游戏里，它只是""设计图纸""。",建议补充 OCR、截图、官方教程、引擎更新、实测或待验证标记；没有证据时降低语气。
WARN,truth-risk,docs/教程资料/创游世界游戏开发完整入门指南.md,140,强结论缺少附近证据提示：- 素材改动了，地图上已有的物体不一定跟着变,建议补充 OCR、截图、官方教程、引擎更新、实测或待验证标记；没有证据时降低语气。
WARN,truth-risk,docs/教程资料/创游世界游戏开发完整入门指南.md,157,强结论缺少附近证据提示：**关键点：** 不挂组件的物体只是一个静态图片，不会动。,建议补充 OCR、截图、官方教程、引擎更新、实测或待验证标记；没有证据时降低语气。
WARN,truth-risk,docs/教程资料/创游世界游戏开发完整入门指南.md,365,强结论缺少附近证据提示：**A：** 地图里的物体是实例，不会自动跟随素材更新。,建议补充 OCR、截图、官方教程、引擎更新、实测或待验证标记；没有证据时降低语气。
WARN,truth-risk,docs/教程资料/创游世界游戏开发完整入门指南.md,389,强结论缺少附近证据提示：1. 广播名称是否完全一致（包括大小写）,建议补充 OCR、截图、官方教程、引擎更新、实测或待验证标记；没有证据时降低语气。
WARN,truth-risk,docs/教程资料/创游世界游戏开发完整入门指南.md,407,强结论缺少附近证据提示：- [创游世界组件系统完全指南](./专题研究/创游世界组件系统完全指南.md) - 深入了解组件系统,建议补充 OCR、截图、官方教程、引擎更新、实测或待验证标记；没有证据时降低语气。
WARN,truth-risk,docs/教程资料/创游世界游戏开发完整入门指南.md,418,强结论缺少附近证据提示：- [创游世界变量与作用域完全指南](../核心研究/创游世界变量与作用域完全指南.md) - 变量系统详解,建议补充 OCR、截图、官方教程、引擎更新、实测或待验证标记；没有证据时降低语气。
WARN,truth-risk,docs/教程资料/创游世界游戏开发完整入门指南.md,419,强结论缺少附近证据提示：- [创游世界广播机制完全指南](../核心研究/创游世界广播机制完全指南.md) - 广播机制详解,建议补充 OCR、截图、官方教程、引擎更新、实测或待验证标记；没有证据时降低语气。
WARN,truth-risk,docs/教程资料/创游世界战斗系统速查卡.md,32,强结论缺少附近证据提示：| 组件 | 作用 | 必须 |,建议补充 OCR、截图、官方教程、引擎更新、实测或待验证标记；没有证据时降低语气。
WARN,truth-risk,docs/教程资料/创游世界战斗系统速查卡.md,79,强结论缺少附近证据提示：| 当生命值改变时 | 任何生命值变化时触发 |,建议补充 OCR、截图、官方教程、引擎更新、实测或待验证标记；没有证据时降低语气。
WARN,truth-risk,docs/教程资料/创游世界战斗系统速查卡.md,370,强结论缺少附近证据提示：| 怪物有物理组件吗 | 没有物理无法碰撞 |,建议补充 OCR、截图、官方教程、引擎更新、实测或待验证标记；没有证据时降低语气。
WARN,truth-risk,docs/教程资料/创游世界战斗系统速查卡.md,372,强结论缺少附近证据提示：| 怪物有生命组件吗 | 没有生命组件无法受伤 |,建议补充 OCR、截图、官方教程、引擎更新、实测或待验证标记；没有证据时降低语气。
WARN,truth-risk,docs/教程资料/创游世界组件速查卡.md,71,强结论缺少附近证据提示：**前置要求：** 物体必须先有物理组件。,建议补充 OCR、截图、官方教程、引擎更新、实测或待验证标记；没有证据时降低语气。
WARN,truth-risk,docs/教程资料/创游世界组件速查卡.md,139,强结论缺少附近证据提示：**A：** 创游世界支持多种武器组件：,建议补充 OCR、截图、官方教程、引擎更新、实测或待验证标记；没有证据时降低语气。
WARN,truth-risk,docs/教程资料/创游世界组件组合与实战应用.md,37,强结论缺少附近证据提示：**组件组合不同，同一个素材可以实现完全不同的功能。**,建议补充 OCR、截图、官方教程、引擎更新、实测或待验证标记；没有证据时降低语气。
WARN,truth-risk,docs/教程资料/创游世界组件组合与实战应用.md,50,强结论缺少附近证据提示：| 角色组件 | 让物体成为可操控角色，支持方向控制 |,建议补充 OCR、截图、官方教程、引擎更新、实测或待验证标记；没有证据时降低语气。
WARN,truth-risk,docs/教程资料/创游世界组件组合与实战应用.md,473,强结论缺少附近证据提示：这个对象必须有哪些能力？,建议补充 OCR、截图、官方教程、引擎更新、实测或待验证标记；没有证据时降低语气。
WARN,truth-risk,docs/教程资料/创游世界组件组合与实战应用.md,520,强结论缺少附近证据提示：- [创游世界组件系统完全指南](./专题研究/创游世界组件系统完全指南.md) - 组件系统详解,建议补充 OCR、截图、官方教程、引擎更新、实测或待验证标记；没有证据时降低语气。
WARN,truth-risk,docs/教程资料/创游世界FAQ精华本.md,63,强结论缺少附近证据提示：**A：** 因为地图里的物体是实例，不是素材本身。修改素材模板不会自动更新已摆放的物体。,建议补充 OCR、截图、官方教程、引擎更新、实测或待验证标记；没有证据时降低语气。
WARN,truth-risk,docs/教程资料/创游世界FAQ精华本.md,211,强结论缺少附近证据提示：1. 物体已经被实例化，修改素材模板不会自动更新已有实例,建议补充 OCR、截图、官方教程、引擎更新、实测或待验证标记；没有证据时降低语气。
WARN,truth-risk,docs/教程资料/创游世界FAQ精华本.md,224,强结论缺少附近证据提示：- 内置组件无法满足的特殊需求,建议补充 OCR、截图、官方教程、引擎更新、实测或待验证标记；没有证据时降低语气。
WARN,truth-risk,docs/教程资料/创游世界FAQ精华本.md,331,强结论缺少附近证据提示：- 确认广播名称完全一致,建议补充 OCR、截图、官方教程、引擎更新、实测或待验证标记；没有证据时降低语气。
WARN,truth-risk,docs/教程资料/创游世界FAQ精华本.md,402,强结论缺少附近证据提示：**A：** 修改配置表后，已经存在的旧存档不会自动同步新结构。,建议补充 OCR、截图、官方教程、引擎更新、实测或待验证标记；没有证据时降低语气。
WARN,truth-risk,docs/教程资料/创游世界FAQ精华本.md,429,强结论缺少附近证据提示：3. UI 元素字体不支持某些字符,建议补充 OCR、截图、官方教程、引擎更新、实测或待验证标记；没有证据时降低语气。
WARN,truth-risk,docs/教程资料/创游世界UI类型速查卡.md,134,强结论缺少附近证据提示：| 过渡动画 | 支持淡入、弹出等效果 |,建议补充 OCR、截图、官方教程、引擎更新、实测或待验证标记；没有证据时降低语气。
WARN,truth-risk,docs/教程资料/创游世界UI类型速查卡.md,379,强结论缺少附近证据提示：- [ ] 补充 UI 设计最佳实践,建议补充 OCR、截图、官方教程、引擎更新、实测或待验证标记；没有证据时降低语气。
WARN,truth-risk,docs/教程资料/官方教程知识索引.md,306,强结论缺少附近证据提示：- 不能把手机屏幕左下角直接当成地图原点。,建议补充 OCR、截图、官方教程、引擎更新、实测或待验证标记；没有证据时降低语气。
WARN,truth-risk,docs/教程资料/官方教程知识索引.md,369,强结论缺少附近证据提示：- `物体 UI` 还需要先挂对应组件，否则相关切换指令不会出现。,建议补充 OCR、截图、官方教程、引擎更新、实测或待验证标记；没有证据时降低语气。
WARN,truth-risk,docs/教程资料/官方教程知识索引.md,410,强结论缺少附近证据提示：- 所有以 `设置...为...` 开头的语句，本质上都在修改某个变量/属性的值。,建议补充 OCR、截图、官方教程、引擎更新、实测或待验证标记；没有证据时降低语气。
WARN,truth-risk,docs/教程资料/官方教程知识索引.md,450,强结论缺少附近证据提示：这说明创游脚本不只是“单物体行为编排”，还支持：,建议补充 OCR、截图、官方教程、引擎更新、实测或待验证标记；没有证据时降低语气。
WARN,truth-risk,docs/教程资料/官方教程知识索引.md,607,强结论缺少附近证据提示：4. 后续再次登录时，就不会重复触发。,建议补充 OCR、截图、官方教程、引擎更新、实测或待验证标记；没有证据时降低语气。
WARN,truth-risk,docs/教程资料/官方教程知识索引.md,679,强结论缺少附近证据提示：- 后续再修改素材栏内的模板，已经摆在地图中的旧物体通常不会自动变化。,建议补充 OCR、截图、官方教程、引擎更新、实测或待验证标记；没有证据时降低语气。
WARN,truth-risk,docs/教程资料/官方教程知识索引.md,1302,强结论缺少附近证据提示：- `道具组件` 只能挂载在道具素材上。,建议补充 OCR、截图、官方教程、引擎更新、实测或待验证标记；没有证据时降低语气。
WARN,truth-risk,docs/教程资料/官方教程知识索引.md,1357,强结论缺少附近证据提示：- `武器槽组件` 只能挂载在：,建议补充 OCR、截图、官方教程、引擎更新、实测或待验证标记；没有证据时降低语气。
WARN,truth-risk,docs/教程资料/官方教程知识索引.md,1448,强结论缺少附近证据提示：- 这说明商店不仅支持买入，也支持一定程度上的卖出回收逻辑。,建议补充 OCR、截图、官方教程、引擎更新、实测或待验证标记；没有证据时降低语气。
WARN,truth-risk,docs/教程资料/官方教程知识索引.md,1783,强结论缺少附近证据提示：- 操作 UI 具备明确生命周期：,建议补充 OCR、截图、官方教程、引擎更新、实测或待验证标记；没有证据时降低语气。
WARN,truth-risk,docs/教程资料/官方教程知识索引.md,1853,强结论缺少附近证据提示：- 死亡并不一定自动销毁对象，很多时候要在脚本里自行处理善后。,建议补充 OCR、截图、官方教程、引擎更新、实测或待验证标记；没有证据时降低语气。
WARN,duplicate-title,docs/教程资料/专题研究/创游世界变量完全指南.md,1,标题重复：创游世界变量完全指南,标题重复不一定错误，但会影响搜索、侧边栏辨识和维护。
WARN,truth-risk,docs/教程资料/专题研究/创游世界变量完全指南.md,28,强结论缺少附近证据提示：> ⚠️ **重要**：这三条是变量系统的核心，必须先理解！,建议补充 OCR、截图、官方教程、引擎更新、实测或待验证标记；没有证据时降低语气。
WARN,truth-risk,docs/教程资料/专题研究/创游世界变量完全指南.md,32,强结论缺少附近证据提示：3. **跨地图/跨会话用玩家变量**：需要保存的数据必须用玩家变量表,建议补充 OCR、截图、官方教程、引擎更新、实测或待验证标记；没有证据时降低语气。
WARN,truth-risk,docs/教程资料/专题研究/创游世界变量完全指南.md,94,强结论缺少附近证据提示：> ⚠️ **注意**：局部变量在脚本执行完后就会消失，不能用来存储持久数据。,建议补充 OCR、截图、官方教程、引擎更新、实测或待验证标记；没有证据时降低语气。
WARN,truth-risk,docs/教程资料/专题研究/创游世界变量完全指南.md,200,强结论缺少附近证据提示：| 单个玩家所有场景 | 玩家变量 |,建议补充 OCR、截图、官方教程、引擎更新、实测或待验证标记；没有证据时降低语气。
WARN,truth-risk,docs/教程资料/专题研究/创游世界道具与物体交互系统指南.md,49,强结论缺少附近证据提示：- **物理组件**：支持碰撞检测,建议补充 OCR、截图、官方教程、引擎更新、实测或待验证标记；没有证据时降低语气。
WARN,truth-risk,docs/教程资料/专题研究/创游世界道具与物体交互系统指南.md,261,强结论缺少附近证据提示：- 防止卡死（够不到无法触发）,建议补充 OCR、截图、官方教程、引擎更新、实测或待验证标记；没有证据时降低语气。
WARN,truth-risk,docs/教程资料/专题研究/创游世界动画与动效系统完全指南.md,175,强结论缺少附近证据提示：| 反馈明确 | 动画要有明确的视觉反馈 |,建议补充 OCR、截图、官方教程、引擎更新、实测或待验证标记；没有证据时降低语气。
WARN,truth-risk,docs/教程资料/专题研究/创游世界对象_素材_组件_脚本关系总图.md,77,强结论缺少附近证据提示：- 修改素材属性后，地图里的已有物体不一定立刻变化,建议补充 OCR、截图、官方教程、引擎更新、实测或待验证标记；没有证据时降低语气。
WARN,truth-risk,docs/教程资料/专题研究/创游世界对象_素材_组件_脚本关系总图.md,177,强结论缺少附近证据提示：一个常见误区是把脚本当成唯一核心。,建议补充 OCR、截图、官方教程、引擎更新、实测或待验证标记；没有证据时降低语气。
WARN,truth-risk,docs/教程资料/专题研究/创游世界对象_素材_组件_脚本关系总图.md,247,强结论缺少附近证据提示：- 不会把核心系统锁死在某个界面上,建议补充 OCR、截图、官方教程、引擎更新、实测或待验证标记；没有证据时降低语气。
WARN,duplicate-title,docs/教程资料/专题研究/创游世界脚本入门完全指南.md,1,标题重复：创游世界脚本入门完全指南,标题重复不一定错误，但会影响搜索、侧边栏辨识和维护。
WARN,truth-risk,docs/教程资料/专题研究/创游世界脚本入门完全指南.md,13,强结论缺少附近证据提示：- 完全不会写脚本的新手用户,建议补充 OCR、截图、官方教程、引擎更新、实测或待验证标记；没有证据时降低语气。
WARN,truth-risk,docs/教程资料/专题研究/创游世界脚本入门完全指南.md,31,强结论缺少附近证据提示：4. 自定义组件是封装可复用功能模块的最佳方式,建议补充 OCR、截图、官方教程、引擎更新、实测或待验证标记；没有证据时降低语气。
WARN,truth-risk,docs/教程资料/专题研究/创游世界脚本入门完全指南.md,55,"强结论缺少附近证据提示：触发时机决定了脚本在""什么情况下""被执行。没有触发时机，脚本永远不会执行。",建议补充 OCR、截图、官方教程、引擎更新、实测或待验证标记；没有证据时降低语气。
WARN,truth-risk,docs/教程资料/专题研究/创游世界学习路线图.md,58,强结论缺少附近证据提示：- 为什么有的东西能加组件，有的不能？,建议补充 OCR、截图、官方教程、引擎更新、实测或待验证标记；没有证据时降低语气。
WARN,truth-risk,docs/教程资料/专题研究/创游世界学习路线图.md,102,强结论缺少附近证据提示：| [创游世界组件系统完全指南](./创游世界组件系统完全指南.md) | 组件系统完全指南 |,建议补充 OCR、截图、官方教程、引擎更新、实测或待验证标记；没有证据时降低语气。
WARN,truth-risk,docs/教程资料/专题研究/创游世界学习路线图.md,349,强结论缺少附近证据提示：- [创游世界变量与作用域完全指南](../核心研究/创游世界变量与作用域完全指南.md) - 变量详解,建议补充 OCR、截图、官方教程、引擎更新、实测或待验证标记；没有证据时降低语气。
WARN,truth-risk,docs/教程资料/专题研究/创游世界组件系统完全指南.md,43,强结论缺少附近证据提示：没有组件的物体，就像一个没有器官的躯壳，看起来可能有形状，但实际上没有任何功能。,建议补充 OCR、截图、官方教程、引擎更新、实测或待验证标记；没有证据时降低语气。
WARN,truth-risk,docs/教程资料/专题研究/创游世界组件系统完全指南.md,262,强结论缺少附近证据提示：- **扩展能力边界**：实现内置组件不支持的特殊功能,建议补充 OCR、截图、官方教程、引擎更新、实测或待验证标记；没有证据时降低语气。
WARN,truth-risk,docs/教程资料/专题研究/创游世界组件系统完全指南.md,443,强结论缺少附近证据提示：- 不要把所有功能塞进一个组件,建议补充 OCR、截图、官方教程、引擎更新、实测或待验证标记；没有证据时降低语气。
WARN,truth-risk,docs/教程资料/专题研究/创游世界组件系统完全指南.md,475,强结论缺少附近证据提示：- 物体已经被实例化，修改素材模板不会自动更新已有实例,建议补充 OCR、截图、官方教程、引擎更新、实测或待验证标记；没有证据时降低语气。
WARN,truth-risk,docs/教程资料/专题研究/创游世界组件系统完全指南.md,486,强结论缺少附近证据提示：- 内置组件无法满足的特殊需求,建议补充 OCR、截图、官方教程、引擎更新、实测或待验证标记；没有证据时降低语气。
WARN,truth-risk,docs/教程资料/专题研究/广播机制深度解析.md,23,强结论缺少附近证据提示：- 广播命名的最佳实践,建议补充 OCR、截图、官方教程、引擎更新、实测或待验证标记；没有证据时降低语气。
WARN,truth-risk,docs/教程资料/专题研究/广播机制深度解析.md,70,强结论缺少附近证据提示：- 它未必应该直接修改地图里的所有数据,建议补充 OCR、截图、官方教程、引擎更新、实测或待验证标记；没有证据时降低语气。
WARN,truth-risk,docs/教程资料/专题研究/广播机制深度解析.md,171,强结论缺少附近证据提示：> 📚 相关阅读：[创游世界新手避坑完全指南](../创游世界新手避坑完全指南.md) - UI设计避坑,建议补充 OCR、截图、官方教程、引擎更新、实测或待验证标记；没有证据时降低语气。
WARN,truth-risk,docs/教程资料/专题研究/广播机制深度解析.md,174,强结论缺少附近证据提示：> 📚 相关阅读：[创游世界变量与作用域完全指南](../核心研究/创游世界变量与作用域完全指南.md) - 变量详解,建议补充 OCR、截图、官方教程、引擎更新、实测或待验证标记；没有证据时降低语气。
WARN,truth-risk,docs/教程资料/专题研究/广播机制深度解析.md,225,强结论缺少附近证据提示：> 📚 相关阅读：[创游世界广播命名规范与最佳实践](../脚本系统/创游世界广播命名规范与最佳实践.md) - 广播命名规范,建议补充 OCR、截图、官方教程、引擎更新、实测或待验证标记；没有证据时降低语气。
WARN,truth-risk,docs/教程资料/专题研究/广播机制深度解析.md,258,强结论缺少附近证据提示：> 📚 相关阅读：[创游世界广播命名规范与最佳实践](../脚本系统/创游世界广播命名规范与最佳实践.md) - 广播命名规范,建议补充 OCR、截图、官方教程、引擎更新、实测或待验证标记；没有证据时降低语气。
WARN,truth-risk,docs/教程资料/专题研究/广播机制深度解析.md,301,强结论缺少附近证据提示：- [创游世界广播命名规范与最佳实践](../脚本系统/创游世界广播命名规范与最佳实践.md) - 广播命名规范,建议补充 OCR、截图、官方教程、引擎更新、实测或待验证标记；没有证据时降低语气。
WARN,truth-risk,docs/教程资料/专题研究/素材实例化与地图物体关系解析.md,37,强结论缺少附近证据提示：如果实例永远强绑定模板，那么地图里单独调一个物体的参数会非常麻烦。,建议补充 OCR、截图、官方教程、引擎更新、实测或待验证标记；没有证据时降低语气。
WARN,truth-risk,docs/教程资料/专题研究/UI系统与切换机制解析.md,80,强结论缺少附近证据提示：- 也不是所有物体天生可切换物体UI,建议补充 OCR、截图、官方教程、引擎更新、实测或待验证标记；没有证据时降低语气。
WARN,truth-risk,docs/教程资料/专题研究/UI系统与切换机制解析.md,81,强结论缺少附近证据提示：- 必须先完成「组件挂载 → 获得能力 → 再调用切换/显示相关指令」这一链路,建议补充 OCR、截图、官方教程、引擎更新、实测或待验证标记；没有证据时降低语气。
WARN,truth-risk,docs/教程资料/专题研究/UI系统与切换机制解析.md,97,强结论缺少附近证据提示：> 📚 相关阅读：[创游世界组件系统完全指南](./创游世界组件系统完全指南.md) - 组件系统详解,建议补充 OCR、截图、官方教程、引擎更新、实测或待验证标记；没有证据时降低语气。
WARN,truth-risk,docs/教程资料/专题研究/UI系统与切换机制解析.md,100,强结论缺少附近证据提示：> 📚 相关阅读：[创游世界新手避坑完全指南](../创游世界新手避坑完全指南.md) - 组件避坑,建议补充 OCR、截图、官方教程、引擎更新、实测或待验证标记；没有证据时降低语气。
WARN,truth-risk,docs/教程资料/专题研究/UI系统与切换机制解析.md,171,强结论缺少附近证据提示：**错误理解**：做好了UI，在任何脚本里都能用对应指令切换。,建议补充 OCR、截图、官方教程、引擎更新、实测或待验证标记；没有证据时降低语气。
WARN,truth-risk,docs/教程资料/专题研究/UI系统与切换机制解析.md,184,强结论缺少附近证据提示：**正确理解**：物体UI是组件化能力，必须先挂载才能使用。,建议补充 OCR、截图、官方教程、引擎更新、实测或待验证标记；没有证据时降低语气。
WARN,truth-risk,docs/教程资料/专题研究/UI系统与切换机制解析.md,193,强结论缺少附近证据提示：> 📚 相关阅读：[创游世界广播命名规范与最佳实践](../脚本系统/创游世界广播命名规范与最佳实践.md) - 广播命名规范,建议补充 OCR、截图、官方教程、引擎更新、实测或待验证标记；没有证据时降低语气。
WARN,truth-risk,docs/教程资料/专题研究/UI系统与切换机制解析.md,237,强结论缺少附近证据提示：| 物体UI为什么不能用？ | 需要先给物体挂载「物体UI」组件 |,建议补充 OCR、截图、官方教程、引擎更新、实测或待验证标记；没有证据时降低语气。
WARN,truth-risk,docs/教程资料/专题研究/UI系统与切换机制解析.md,241,强结论缺少附近证据提示：> 📚 相关阅读：[创游世界变量与作用域完全指南](../核心研究/创游世界变量与作用域完全指南.md) - 变量详解,建议补充 OCR、截图、官方教程、引擎更新、实测或待验证标记；没有证据时降低语气。
WARN,truth-risk,docs/教程资料/B站创游世界视频资源研究.md,511,强结论缺少附近证据提示：很多人学创游失败，不是因为不会，而是上来就想做大型 RPG、联机枪战、开放世界。,建议补充 OCR、截图、官方教程、引擎更新、实测或待验证标记；没有证据时降低语气。
WARN,truth-risk,docs/社区分析/其他用户解析专题整理.md,150,强结论缺少附近证据提示：- 创游里并不是所有对象都能自由放进统一数组。,建议补充 OCR、截图、官方教程、引擎更新、实测或待验证标记；没有证据时降低语气。
WARN,truth-risk,docs/社区分析/其他用户解析专题整理.md,151,强结论缺少附近证据提示：- 某些带特殊语义的积木、配置项、属性项无法直接纳入。,建议补充 OCR、截图、官方教程、引擎更新、实测或待验证标记；没有证据时降低语气。
WARN,truth-risk,docs/社区分析/其他用户解析专题整理.md,157,强结论缺少附近证据提示：- 积木类型系统与数据容器之间的不完全兼容,建议补充 OCR、截图、官方教程、引擎更新、实测或待验证标记；没有证据时降低语气。
WARN,truth-risk,docs/社区分析/其他用户解析专题整理.md,208,强结论缺少附近证据提示：5. 因此无法简单通过改字符串来伪造脚本。,建议补充 OCR、截图、官方教程、引擎更新、实测或待验证标记；没有证据时降低语气。
WARN,truth-risk,docs/社区分析/其他用户解析专题整理.md,342,强结论缺少附近证据提示：- 3.x 不支持 4.x 的部分积木。,建议补充 OCR、截图、官方教程、引擎更新、实测或待验证标记；没有证据时降低语气。
WARN,truth-risk,docs/社区分析/其他用户解析专题整理.md,400,强结论缺少附近证据提示：- 4.x 与 3.x 在积木支持上差异有多大？,建议补充 OCR、截图、官方教程、引擎更新、实测或待验证标记；没有证据时降低语气。
WARN,truth-risk,docs/社区分析/专题研究/创游脚本伪源码观察.md,84,强结论缺少附近证据提示：这意味着 3.x 某些场景下，积木脚本生成后的文本结果并非完全不可见。,建议补充 OCR、截图、官方教程、引擎更新、实测或待验证标记；没有证据时降低语气。
WARN,truth-risk,docs/社区分析/专题研究/创游脚本伪源码观察.md,122,强结论缺少附近证据提示：说明生成代码不是完全脱离引擎环境运行，而是依赖一个运行时对象。,建议补充 OCR、截图、官方教程、引擎更新、实测或待验证标记；没有证据时降低语气。
WARN,truth-risk,docs/社区分析/专题研究/创游脚本伪源码观察.md,193,强结论缺少附近证据提示：| 节点 ID | 唯一标识积木节点 |,建议补充 OCR、截图、官方教程、引擎更新、实测或待验证标记；没有证据时降低语气。
WARN,truth-risk,docs/社区分析/专题研究/创游类型转换现象整理.md,55,强结论缺少附近证据提示：- 文本拼接积木的参数几乎可以填写任何类型,建议补充 OCR、截图、官方教程、引擎更新、实测或待验证标记；没有证据时降低语气。
WARN,truth-risk,docs/社区分析/专题研究/创游类型转换现象整理.md,77,强结论缺少附近证据提示：5. 因而无法通过简单字符串替换来伪造脚本,建议补充 OCR、截图、官方教程、引擎更新、实测或待验证标记；没有证据时降低语气。
WARN,truth-risk,docs/社区分析/专题研究/创游类型转换现象整理.md,149,强结论缺少附近证据提示：- 为什么文本不能直接变脚本？,建议补充 OCR、截图、官方教程、引擎更新、实测或待验证标记；没有证据时降低语气。
WARN,truth-risk,docs/维护与报告/创游世界知识库文档格式规范.md,240,强结论缺少附近证据提示：所有代码、命令、脚本使用代码块包裹：,建议补充 OCR、截图、官方教程、引擎更新、实测或待验证标记；没有证据时降低语气。
WARN,frontmatter,docs/维护与报告/轻量检查与维护流程.md,1,frontmatter 建议补充 category。,建议统一分类、标签和状态，方便后续大规模维护。
WARN,frontmatter,docs/维护与报告/轻量检查与维护流程.md,1,frontmatter 建议补充 tags。,建议统一分类、标签和状态，方便后续大规模维护。
WARN,frontmatter,docs/维护与报告/轻量检查与维护流程.md,1,frontmatter 建议补充 status。,建议统一分类、标签和状态，方便后续大规模维护。
WARN,truth-risk,docs/维护与报告/知识库结构与维护指南.md,73,强结论缺少附近证据提示：- [创游世界广播命名规范与最佳实践](./创游世界广播命名规范与最佳实践.md) - 广播命名规范,建议补充 OCR、截图、官方教程、引擎更新、实测或待验证标记；没有证据时降低语气。
WARN,truth-risk,docs/维护与报告/知识库结构与维护指南.md,78,强结论缺少附近证据提示：- [创游世界脚本入门完全指南](./专题研究/创游世界脚本入门完全指南.md) - 脚本入门完全指南,建议补充 OCR、截图、官方教程、引擎更新、实测或待验证标记；没有证据时降低语气。
WARN,truth-risk,docs/维护与报告/知识库结构与维护指南.md,268,强结论缺少附近证据提示：5. **统一格式**：使用 `-` 分隔多词，例如 `创游世界脚本入门完全指南.md`,建议补充 OCR、截图、官方教程、引擎更新、实测或待验证标记；没有证据时降低语气。
WARN,truth-risk,docs/维护与报告/知识库结构与维护指南.md,274,强结论缺少附近证据提示：| `创游世界脚本入门完全指南.md` | `脚本入门.md` | 主题不够明确 |,建议补充 OCR、截图、官方教程、引擎更新、实测或待验证标记；没有证据时降低语气。
WARN,frontmatter,docs/维护与报告/资料校对与证据规则.md,1,frontmatter 建议补充 category。,建议统一分类、标签和状态，方便后续大规模维护。
WARN,frontmatter,docs/维护与报告/资料校对与证据规则.md,1,frontmatter 建议补充 tags。,建议统一分类、标签和状态，方便后续大规模维护。
WARN,frontmatter,docs/维护与报告/资料校对与证据规则.md,1,frontmatter 建议补充 status。,建议统一分类、标签和状态，方便后续大规模维护。
WARN,truth-risk,docs/维护与报告/AI自动维护复盘记录.md,68,强结论缺少附近证据提示：1. **规范化核心研究类文档关联阅读** - 补充广播机制完全指南、数据分层模型、数据存储选择指南、组件能力速查手册、最小练习项目完全指南等文档的维护报告关联阅读,建议补充 OCR、截图、官方教程、引擎更新、实测或待验证标记；没有证据时降低语气。
WARN,truth-risk,docs/维护与报告/AI自动维护复盘记录.md,74,强结论缺少附近证据提示：| `核心研究/创游世界广播机制完全指南.md` | 修改 | 补充导航入口、维护报告入口 |,建议补充 OCR、截图、官方教程、引擎更新、实测或待验证标记；没有证据时降低语气。
WARN,truth-risk,docs/维护与报告/AI自动维护复盘记录.md,138,强结论缺少附近证据提示：1. **规范化社区分析、核心研究类文档关联阅读** - 补充其他用户解析专题整理、核心概念速查手册、变量与作用域完全指南、数据类型完全指南、碰撞与物理系统入门等文档的维护报告关联阅读,建议补充 OCR、截图、官方教程、引擎更新、实测或待验证标记；没有证据时降低语气。
WARN,truth-risk,docs/维护与报告/AI自动维护复盘记录.md,146,强结论缺少附近证据提示：| `核心研究/创游世界变量与作用域完全指南.md` | 修改 | 补充导航入口、维护报告入口 |,建议补充 OCR、截图、官方教程、引擎更新、实测或待验证标记；没有证据时降低语气。
WARN,truth-risk,docs/维护与报告/AI自动维护复盘记录.md,878,强结论缺少附近证据提示：| `创游世界广播完全指南.md` | 新增 | 完整的广播机制入门指南，包含9个章节，从基础概念到实战案例，覆盖广播原理、三种核心用途、基本用法、作用域、典型场景、命名规范、联机优化、常见问题排查、常见误区等内容 |,建议补充 OCR、截图、官方教程、引擎更新、实测或待验证标记；没有证据时降低语气。
WARN,truth-risk,docs/维护与报告/AI自动维护复盘记录.md,897,强结论缺少附近证据提示：- 包含广播命名规范和联机环境下的最佳实践,建议补充 OCR、截图、官方教程、引擎更新、实测或待验证标记；没有证据时降低语气。
WARN,truth-risk,docs/维护与报告/AI自动维护复盘记录.md,901,强结论缺少附近证据提示：- 在入门系列中新增「创游世界变量完全指南」入口,建议补充 OCR、截图、官方教程、引擎更新、实测或待验证标记；没有证据时降低语气。
WARN,truth-risk,docs/维护与报告/AI自动维护复盘记录.md,939,强结论缺少附近证据提示：1. **规范化变量完全指南导航入口** - 在多个导航文档中添加变量完全指南入口,建议补充 OCR、截图、官方教程、引擎更新、实测或待验证标记；没有证据时降低语气。
WARN,truth-risk,docs/维护与报告/AI自动维护复盘记录.md,965,强结论缺少附近证据提示：- 在数据、变量与作用域分类中新增「创游世界变量完全指南」入口,建议补充 OCR、截图、官方教程、引擎更新、实测或待验证标记；没有证据时降低语气。
WARN,frontmatter,docs/维护与报告/OCR专项建设报告_V3.md,1,frontmatter 建议补充 category。,建议统一分类、标签和状态，方便后续大规模维护。
WARN,frontmatter,docs/维护与报告/OCR专项建设报告_V3.md,1,frontmatter 建议补充 tags。,建议统一分类、标签和状态，方便后续大规模维护。
WARN,frontmatter,docs/维护与报告/OCR专项建设报告_V3.md,1,frontmatter 建议补充 status。,建议统一分类、标签和状态，方便后续大规模维护。
WARN,long-sentence,docs/维护与报告/OCR专项建设报告_V3.md,60,句子过长，约 208 字：**高质量示例**：`215321`、`215325`、`215333`、`215511`、`215603`、`215605`、`215607`、`215608`、`215611`、`215615`、`215620~215625`、`215,中文技术文档建议单句控制在 80 字以内，复杂逻辑拆成两句。
WARN,truth-risk,docs/项目设计/创游世界道具系统设计入门.md,64,强结论缺少附近证据提示：| **任务物品** | 用于触发任务剧情，不能使用 | 任务道具、钥匙、剧情物品 |,建议补充 OCR、截图、官方教程、引擎更新、实测或待验证标记；没有证据时降低语气。
WARN,truth-risk,docs/项目设计/创游世界道具系统设计入门.md,306,强结论缺少附近证据提示：创建一个集中的「道具管理器」对象，处理所有道具相关逻辑：,建议补充 OCR、截图、官方教程、引擎更新、实测或待验证标记；没有证据时降低语气。
WARN,truth-risk,docs/项目设计/创游世界地图设计基础指南.md,291,强结论缺少附近证据提示：- 每个地图有明确的主题和功能,建议补充 OCR、截图、官方教程、引擎更新、实测或待验证标记；没有证据时降低语气。
WARN,duplicate-title,docs/项目设计/创游世界发布与分享指南.md,1,标题重复：创游世界发布与分享指南,标题重复不一定错误，但会影响搜索、侧边栏辨识和维护。
WARN,truth-risk,docs/项目设计/创游世界发布与分享指南.md,36,强结论缺少附近证据提示：| UI 功能 | 所有按钮、菜单是否正常工作 | 必须 |,建议补充 OCR、截图、官方教程、引擎更新、实测或待验证标记；没有证据时降低语气。
WARN,truth-risk,docs/项目设计/创游世界发布与分享指南.md,37,强结论缺少附近证据提示：| 存档功能 | 进度保存和读取是否正常 | 必须 |,建议补充 OCR、截图、官方教程、引擎更新、实测或待验证标记；没有证据时降低语气。
WARN,truth-risk,docs/项目设计/创游世界商店系统实战设计指南.md,82,强结论缺少附近证据提示：> 📚 相关阅读：[创游世界变量与作用域完全指南](../核心研究/创游世界变量与作用域完全指南.md) - 变量详解,建议补充 OCR、截图、官方教程、引擎更新、实测或待验证标记；没有证据时降低语气。
WARN,truth-risk,docs/项目设计/创游世界商店系统实战设计指南.md,129,强结论缺少附近证据提示：> 📚 相关阅读：[创游世界变量与作用域完全指南](../核心研究/创游世界变量与作用域完全指南.md) - 配置表详解,建议补充 OCR、截图、官方教程、引擎更新、实测或待验证标记；没有证据时降低语气。
WARN,duplicate-title,docs/项目设计/创游世界商店系统速查卡.md,1,标题重复：创游世界商店系统速查卡,标题重复不一定错误，但会影响搜索、侧边栏辨识和维护。
WARN,truth-risk,docs/项目设计/创游世界实战项目模板.md,28,强结论缺少附近证据提示：3. **分层要明确**：UI 层、地图层、组件层、系统层各司其职,建议补充 OCR、截图、官方教程、引擎更新、实测或待验证标记；没有证据时降低语气。
WARN,truth-risk,docs/项目设计/创游世界数据持久化与存档设计指南.md,79,强结论缺少附近证据提示：| 联机依赖 | 可离线使用 | 必须联网 |,建议补充 OCR、截图、官方教程、引擎更新、实测或待验证标记；没有证据时降低语气。
WARN,truth-risk,docs/项目设计/创游世界项目维护与代码组织规范.md,207,强结论缺少附近证据提示：详见：[创游世界广播命名规范与最佳实践](../脚本系统/创游世界广播命名规范与最佳实践.md),建议补充 OCR、截图、官方教程、引擎更新、实测或待验证标记；没有证据时降低语气。
WARN,truth-risk,docs/项目设计/创游世界项目维护与代码组织规范.md,226,强结论缺少附近证据提示：| 唯一性 | 同类组件不要重复挂 |,建议补充 OCR、截图、官方教程、引擎更新、实测或待验证标记；没有证据时降低语气。
WARN,truth-risk,docs/项目设计/创游世界项目维护与代码组织规范.md,390,强结论缺少附近证据提示：- [创游世界广播命名规范与最佳实践](../脚本系统/创游世界广播命名规范与最佳实践.md) - 广播规范,建议补充 OCR、截图、官方教程、引擎更新、实测或待验证标记；没有证据时降低语气。
WARN,truth-risk,docs/项目设计/创游世界性能优化指南.md,20,强结论缺少附近证据提示：- 脚本优化的最佳实践,建议补充 OCR、截图、官方教程、引擎更新、实测或待验证标记；没有证据时降低语气。
WARN,truth-risk,docs/项目设计/创游世界性能优化指南.md,305,强结论缺少附近证据提示：- [创游世界联机系统完全指南](../核心研究/创游世界联机系统完全指南.md),建议补充 OCR、截图、官方教程、引擎更新、实测或待验证标记；没有证据时降低语气。
WARN,truth-risk,docs/项目设计/多地图与场景切换导航.md,46,强结论缺少附近证据提示：联机模式下：通知所有玩家 → 同步位置和状态 → 确保所有玩家看到同一场景,建议补充 OCR、截图、官方教程、引擎更新、实测或待验证标记；没有证据时降低语气。
WARN,truth-risk,docs/引擎更新/创游世界引擎更新演进简史.md,169,强结论缺少附近证据提示：> 📚 相关阅读：[创游世界变量与作用域完全指南](../核心研究/创游世界变量与作用域完全指南.md) - 变量详解,建议补充 OCR、截图、官方教程、引擎更新、实测或待验证标记；没有证据时降低语气。
WARN,truth-risk,docs/引擎更新/引擎更新知识索引.md,37,强结论缺少附近证据提示：- 原本单选值类型只能创建为自定义组件的属性。,建议补充 OCR、截图、官方教程、引擎更新、实测或待验证标记；没有证据时降低语气。
WARN,truth-risk,docs/引擎更新/引擎更新知识索引.md,113,强结论缺少附近证据提示：1. 改造选择素材界面，支持文件夹显示。,建议补充 OCR、截图、官方教程、引擎更新、实测或待验证标记；没有证据时降低语气。
WARN,truth-risk,docs/引擎更新/专题研究/4.54.0 数据类型与脚本能力升级解析.md,16,强结论缺少附近证据提示：过去如果只能使用零散属性，那么复杂对象的数据需要拆散保存，例如：,建议补充 OCR、截图、官方教程、引擎更新、实测或待验证标记；没有证据时降低语气。
WARN,truth-risk,docs/引擎更新/专题研究/联机UI演进专题.md,28,强结论缺少附近证据提示：- 每个玩家设备会模拟所有玩家的 UI 逻辑,建议补充 OCR、截图、官方教程、引擎更新、实测或待验证标记；没有证据时降低语气。
WARN,truth-risk,docs/引擎更新/专题研究/联机UI演进专题.md,163,强结论缺少附近证据提示：所以联机 UI 设计必须同时考虑：,建议补充 OCR、截图、官方教程、引擎更新、实测或待验证标记；没有证据时降低语气。
WARN,truth-risk,docs/引擎更新/专题研究/联机UI演进专题.md,229,强结论缺少附近证据提示：- [创游世界变量与作用域完全指南](/核心研究/创游世界变量与作用域完全指南.md) - 变量详解,建议补充 OCR、截图、官方教程、引擎更新、实测或待验证标记；没有证据时降低语气。
WARN,truth-risk,docs/元信息/创游世界术语表.md,68,强结论缺少附近证据提示：- 所有逻辑都塞进单一触发入口导致后期难维护,建议补充 OCR、截图、官方教程、引擎更新、实测或待验证标记；没有证据时降低语气。
WARN,truth-risk,docs/元信息/创游世界术语表.md,90,强结论缺少附近证据提示：- 云变量不适合滥用来替代所有本地运行状态,建议补充 OCR、截图、官方教程、引擎更新、实测或待验证标记；没有证据时降低语气。
WARN,truth-risk,docs/元信息/创游世界文档格式示例.md,183,强结论缺少附近证据提示：修改素材后，地图上已有的物体不会自动更新！,建议补充 OCR、截图、官方教程、引擎更新、实测或待验证标记；没有证据时降低语气。
WARN,truth-risk,docs/元信息/创游世界文档格式示例.md,189,强结论缺少附近证据提示：循环脚本中必须添加等待语句，否则会导致游戏卡死。,建议补充 OCR、截图、官方教程、引擎更新、实测或待验证标记；没有证据时降低语气。
WARN,truth-risk,docs/元信息/创游世界资料库深入研究报告.md,169,强结论缺少附近证据提示：- `[高可信推断]` 任何把“复杂共享状态链”直接塞进 UI 的项目，后期都更容易出同步与维护问题,建议补充 OCR、截图、官方教程、引擎更新、实测或待验证标记；没有证据时降低语气。
WARN,truth-risk,docs/元信息/元信息导航.md,38,强结论缺少附近证据提示：- **玩家变量**：记录玩家状态的持久化数据，支持云存储。,建议补充 OCR、截图、官方教程、引擎更新、实测或待验证标记；没有证据时降低语气。
WARN,truth-risk,docs/总索引与导航/快速入门索引.md,72,强结论缺少附近证据提示：| 改了素材地图没变化？ | 素材≠物体，实例不会自动更新 |,建议补充 OCR、截图、官方教程、引擎更新、实测或待验证标记；没有证据时降低语气。
WARN,truth-risk,docs/总索引与导航/新手入门指南.md,62,强结论缺少附近证据提示：左侧素材库按类型分类管理所有资源：,建议补充 OCR、截图、官方教程、引擎更新、实测或待验证标记；没有证据时降低语气。
WARN,truth-risk,docs/总索引与导航/新手入门指南.md,94,强结论缺少附近证据提示：- 修改素材后，地图中的已有物体不会自动更新,建议补充 OCR、截图、官方教程、引擎更新、实测或待验证标记；没有证据时降低语气。
WARN,truth-risk,docs/总索引与导航/新手入门指南.md,167,强结论缺少附近证据提示：- 后续修改素材模板，不会自动更新已摆放的物体,建议补充 OCR、截图、官方教程、引擎更新、实测或待验证标记；没有证据时降低语气。
WARN,truth-risk,docs/总索引与导航/新手入门指南.md,222,强结论缺少附近证据提示：- UI层级最高，显示在最上层,建议补充 OCR、截图、官方教程、引擎更新、实测或待验证标记；没有证据时降低语气。
WARN,truth-risk,docs/总索引与导航/新手阅读路线.md,97,强结论缺少附近证据提示：| 添加不了组件 | 检查素材类型是否支持该组件 |,建议补充 OCR、截图、官方教程、引擎更新、实测或待验证标记；没有证据时降低语气。
WARN,truth-risk,docs/总索引与导航/知识库总索引.md,99,强结论缺少附近证据提示：| [创游世界广播命名规范与最佳实践](/脚本系统/创游世界广播命名规范与最佳实践) | 广播命名规范 | 进阶 |,建议补充 OCR、截图、官方教程、引擎更新、实测或待验证标记；没有证据时降低语气。
WARN,truth-risk,docs/总索引与导航/知识库总索引.md,173,强结论缺少附近证据提示：| [创游世界变量与作用域完全指南](/核心研究/创游世界变量与作用域完全指南) | 变量作用域详解 |,建议补充 OCR、截图、官方教程、引擎更新、实测或待验证标记；没有证据时降低语气。
WARN,truth-risk,docs/总索引与导航/知识库总索引.md,175,强结论缺少附近证据提示：| [创游世界广播机制完全指南](/核心研究/创游世界广播机制完全指南) | 广播机制完整指南 |,建议补充 OCR、截图、官方教程、引擎更新、实测或待验证标记；没有证据时降低语气。
WARN,frontmatter,docs/index.md,1,frontmatter 建议补充 category。,建议统一分类、标签和状态，方便后续大规模维护。
WARN,frontmatter,docs/index.md,1,frontmatter 建议补充 tags。,建议统一分类、标签和状态，方便后续大规模维护。
WARN,frontmatter,docs/index.md,1,frontmatter 建议补充 status。,建议统一分类、标签和状态，方便后续大规模维护。
WARN,truth-risk,docs/OCR资料/官方教程恢复后补OCR清单.md,52,强结论缺少附近证据提示：| 114133 | 生成可拾取物体指令 | 生成可拾取进背包的物体；支持道具、硬币、近战武器、远程武器等 |,建议补充 OCR、截图、官方教程、引擎更新、实测或待验证标记；没有证据时降低语气。
WARN,truth-risk,docs/OCR资料/官方教程截图转文本索引.md,155,强结论缺少附近证据提示：这张图是素材概念页，核心信息很明确：,建议补充 OCR、截图、官方教程、引擎更新、实测或待验证标记；没有证据时降低语气。
WARN,truth-risk,docs/OCR资料/官方教程截图转文本索引.md,201,强结论缺少附近证据提示：- **移动素材**：可创建文件夹整理素材；支持齿轮菜单移动和长按拖拽移动。,建议补充 OCR、截图、官方教程、引擎更新、实测或待验证标记；没有证据时降低语气。
WARN,truth-risk,docs/OCR资料/官方教程截图转文本索引.md,202,强结论缺少附近证据提示：- **复制素材**：复制时通常可改素材类型，但地块复制例外，不能改类型。,建议补充 OCR、截图、官方教程、引擎更新、实测或待验证标记；没有证据时降低语气。
WARN,truth-risk,docs/OCR资料/官方教程截图转文本索引.md,315,强结论缺少附近证据提示：- 只能挂载在地块素材上。,建议补充 OCR、截图、官方教程、引擎更新、实测或待验证标记；没有证据时降低语气。
WARN,truth-risk,docs/OCR资料/官方教程截图转文本索引.md,371,强结论缺少附近证据提示：- 道具组件只能挂载在道具素材上。,建议补充 OCR、截图、官方教程、引擎更新、实测或待验证标记；没有证据时降低语气。
WARN,truth-risk,docs/OCR资料/官方教程截图转文本索引.md,553,强结论缺少附近证据提示：- 添加组件可以赋予素材功能，不同素材类型支持的组件不同。,建议补充 OCR、截图、官方教程、引擎更新、实测或待验证标记；没有证据时降低语气。
WARN,truth-risk,docs/OCR资料/官方教程截图转文本索引.md,609,强结论缺少附近证据提示：- 相关属性改为只能在脚本中设置,建议补充 OCR、截图、官方教程、引擎更新、实测或待验证标记；没有证据时降低语气。
WARN,truth-risk,docs/OCR资料/官方教程截图转文本索引.md,953,强结论缺少附近证据提示：- 物体UI目前不能写脚本。,建议补充 OCR、截图、官方教程、引擎更新、实测或待验证标记；没有证据时降低语气。
WARN,truth-risk,docs/OCR资料/官方教程截图转文本索引.md,1075,强结论缺少附近证据提示：- 不能后期随意给普通素材补挂货币组件,建议补充 OCR、截图、官方教程、引擎更新、实测或待验证标记；没有证据时降低语气。
WARN,truth-risk,docs/OCR资料/官方教程截图转文本索引.md,1153,强结论缺少附近证据提示：这张图明确了“近战武器组件”的基础定位：,建议补充 OCR、截图、官方教程、引擎更新、实测或待验证标记；没有证据时降低语气。
WARN,truth-risk,docs/OCR资料/官方教程截图转文本索引.md,1262,强结论缺少附近证据提示：- 死亡只会触发事件，不一定自动销毁对象,建议补充 OCR、截图、官方教程、引擎更新、实测或待验证标记；没有证据时降低语气。
WARN,truth-risk,docs/OCR资料/官方教程截图转文本索引.md,1273,强结论缺少附近证据提示：这说明“死亡”在创游中是一个脚本可接管的事件，而不是完全硬编码的自动销毁流程。,建议补充 OCR、截图、官方教程、引擎更新、实测或待验证标记；没有证据时降低语气。
WARN,truth-risk,docs/OCR资料/官方教程截图转文本索引.md,1413,强结论缺少附近证据提示：- 操作UI 具备明确的生命周期/广播事件：,建议补充 OCR、截图、官方教程、引擎更新、实测或待验证标记；没有证据时降低语气。
WARN,truth-risk,docs/OCR资料/官方教程截图转文本索引.md,2743,强结论缺少附近证据提示：- 勾选后，在地图未重置时不会重复触发。,建议补充 OCR、截图、官方教程、引擎更新、实测或待验证标记；没有证据时降低语气。
WARN,truth-risk,docs/OCR资料/官方教程截图转文本索引.md,2795,强结论缺少附近证据提示：- 脚本版更强，还支持：,建议补充 OCR、截图、官方教程、引擎更新、实测或待验证标记；没有证据时降低语气。
WARN,truth-risk,docs/OCR资料/官方教程截图转文本索引.md,2851,强结论缺少附近证据提示：- 如果是“直接设置”数量，这种方式无法弹出获得界面。,建议补充 OCR、截图、官方教程、引擎更新、实测或待验证标记；没有证据时降低语气。
WARN,truth-risk,docs/OCR资料/官方教程截图转文本索引.md,2931,强结论缺少附近证据提示：这张图把 `清空背包` 的边界说得很明确：,建议补充 OCR、截图、官方教程、引擎更新、实测或待验证标记；没有证据时降低语气。
WARN,truth-risk,docs/OCR资料/官方教程截图转文本索引.md,3120,强结论缺少附近证据提示：- 玩家购买后，商品会自动放入背包。,建议补充 OCR、截图、官方教程、引擎更新、实测或待验证标记；没有证据时降低语气。
WARN,truth-risk,docs/OCR资料/官方教程截图转文本索引.md,3390,强结论缺少附近证据提示：这页是高价值脚本基础知识页，已经能明确提炼出结构体的定义与用途：,建议补充 OCR、截图、官方教程、引擎更新、实测或待验证标记；没有证据时降低语气。
WARN,truth-risk,docs/OCR资料/官方教程截图转文本索引.md,3663,强结论缺少附近证据提示：- 这说明创游脚本已经支持比较完整的角度/方向/轨迹计算能力。,建议补充 OCR、截图、官方教程、引擎更新、实测或待验证标记；没有证据时降低语气。
WARN,truth-risk,docs/OCR资料/官方教程截图转文本索引.md,3933,强结论缺少附近证据提示：这是创游脚本里所有条件分支的基础地板。,建议补充 OCR、截图、官方教程、引擎更新、实测或待验证标记；没有证据时降低语气。
WARN,truth-risk,docs/OCR资料/官方教程截图转文本索引.md,4762,强结论缺少附近证据提示：- `与另一向量的夹角` 说明创游脚本已经支持更深入的方向关系判断。,建议补充 OCR、截图、官方教程、引擎更新、实测或待验证标记；没有证据时降低语气。
WARN,truth-risk,docs/OCR资料/官方教程截图转文本索引.md,4871,强结论缺少附近证据提示：- 所有 `设置xxx为xxx` 开头的语句，本质上都是在修改变量的值。,建议补充 OCR、截图、官方教程、引擎更新、实测或待验证标记；没有证据时降低语气。
WARN,truth-risk,docs/OCR资料/官方教程截图转文本索引.md,5508,强结论缺少附近证据提示：- 蓝色语句不会阻塞脚本执行。,建议补充 OCR、截图、官方教程、引擎更新、实测或待验证标记；没有证据时降低语气。
WARN,truth-risk,docs/OCR资料/官方教程截图转文本索引.md,5748,强结论缺少附近证据提示：- 因此问题不一定出在“关闭语句失效”，而是默认 UI 本来就由地图设置控制。,建议补充 OCR、截图、官方教程、引擎更新、实测或待验证标记；没有证据时降低语气。
WARN,truth-risk,docs/OCR资料/官方教程截图转文本索引.md,5814,强结论缺少附近证据提示：- 所以“屏幕上看不到互动按钮”并不一定是 UI 做坏了，而可能只是当前没有触发显示条件。,建议补充 OCR、截图、官方教程、引擎更新、实测或待验证标记；没有证据时降低语气。
WARN,truth-risk,docs/OCR资料/官方教程截图转文本索引.md,5849,强结论缺少附近证据提示：- 地图里现成摆着的物体却不一定马上变化。,建议补充 OCR、截图、官方教程、引擎更新、实测或待验证标记；没有证据时降低语气。
WARN,truth-risk,docs/OCR资料/官方教程截图转文本索引.md,6308,强结论缺少附近证据提示：- 可确认内容：生成可拾取进背包的物体；支持道具、硬币、近战武器、远程武器等。,建议补充 OCR、截图、官方教程、引擎更新、实测或待验证标记；没有证据时降低语气。
WARN,truth-risk,docs/OCR资料/官方教程截图转文本索引.md,6454,强结论缺少附近证据提示：- 可确认内容：包括设置子物体、丢弃子物体、销毁所有子物体、播放动效、播放动画、停止动画、沿角度移动、以角度面向、销毁自身、发送广播。,建议补充 OCR、截图、官方教程、引擎更新、实测或待验证标记；没有证据时降低语气。
WARN,truth-risk,docs/OCR资料/基础写脚本界面截图转文本.md,486,强结论缺少附近证据提示：这说明对象层级系统不只是读取父/子关系，还支持：,建议补充 OCR、截图、官方教程、引擎更新、实测或待验证标记；没有证据时降低语气。
WARN,truth-risk,docs/OCR资料/基础写脚本界面截图转文本.md,911,强结论缺少附近证据提示：该图补充了渐变类脚本块的调节方式。除“1秒将自身...渐变至...并等待结束”外，还能看出目标值处至少支持：,建议补充 OCR、截图、官方教程、引擎更新、实测或待验证标记；没有证据时降低语气。
WARN,truth-risk,docs/OCR资料/基础写脚本界面截图转文本.md,1222,强结论缺少附近证据提示：这说明脚本/组件系统的参数类型并不局限于基础数据，也支持直接引用引擎资源对象。,建议补充 OCR、截图、官方教程、引擎更新、实测或待验证标记；没有证据时降低语气。
WARN,long-sentence,docs/OCR资料/基础写脚本界面截图转文本.md,2524,句子过长，约 122 字：这张图回到了“我的组件1”编辑界面，可确认：组件名是“我的组件1”；属性有“数字1、文本1”；指令里至少有“指令1、指令2”；存在触发语句“当执行指令2时”；动作是“设置自身…为1”；并且下方可切换通用、专属、战斗、装置、显示、交互、自定义,中文技术文档建议单句控制在 80 字以内，复杂逻辑拆成两句。
WARN,truth-risk,docs/OCR资料/基础写脚本界面截图转文本.md,3164,强结论缺少附近证据提示：- 自定义组件支持 `属性 / 指令 / 触发时机` 三大扩展面。,建议补充 OCR、截图、官方教程、引擎更新、实测或待验证标记；没有证据时降低语气。
WARN,truth-risk,docs/OCR资料/基础写脚本界面截图转文本.md,3165,强结论缺少附近证据提示：- 自定义指令支持 `参数定义 / 返回值类型 / 文字描述`，更像可复用过程而不只是事件名。,建议补充 OCR、截图、官方教程、引擎更新、实测或待验证标记；没有证据时降低语气。
WARN,truth-risk,docs/OCR资料/基础写脚本界面截图转文本.md,3168,强结论缺少附近证据提示：- 当前已稳定见到 `局部变量 / 自身属性 / 当前地图属性 / 系统属性 / 所有玩家`。,建议补充 OCR、截图、官方教程、引擎更新、实测或待验证标记；没有证据时降低语气。
WARN,truth-risk,docs/OCR资料/基础写脚本界面截图转文本.md,3169,强结论缺少附近证据提示：- 指令可跨作用域执行，如：`执行自身指令 / 执行系统指令 / 执行当前地图指令`，且支持 `并等待结束`。,建议补充 OCR、截图、官方教程、引擎更新、实测或待验证标记；没有证据时降低语气。
WARN,truth-risk,docs/OCR资料/引擎更新截图转文本.md,134,强结论缺少附近证据提示：- 编辑器层面开始支持素材选择界面的文件夹显示。,建议补充 OCR、截图、官方教程、引擎更新、实测或待验证标记；没有证据时降低语气。
WARN,truth-risk,docs/OCR资料/引擎更新截图转文本.md,198,强结论缺少附近证据提示：- 旧方案为了同步，需要在所有设备模拟所有 UI，并被限制到 20 FPS。,建议补充 OCR、截图、官方教程、引擎更新、实测或待验证标记；没有证据时降低语气。
WARN,truth-risk,docs/OCR资料/引擎更新截图转文本.md,200,强结论缺少附近证据提示：- 最佳实践是：UI 只发一次广播，把真正的公共逻辑放到地图里执行。,建议补充 OCR、截图、官方教程、引擎更新、实测或待验证标记；没有证据时降低语气。
WARN,truth-risk,docs/OCR资料/引擎更新截图转文本.md,235,强结论缺少附近证据提示：- 地图图层编辑支持“节点树查看子物体”，并能调整：,建议补充 OCR、截图、官方教程、引擎更新、实测或待验证标记；没有证据时降低语气。
WARN,truth-risk,docs/OCR资料/引擎更新截图转文本.md,298,强结论缺少附近证据提示：- 在编辑素材界面点击试玩时，会自动先保存再试玩,建议补充 OCR、截图、官方教程、引擎更新、实测或待验证标记；没有证据时降低语气。
WARN,truth-risk,docs/OCR资料/引擎更新截图转文本.md,299,强结论缺少附近证据提示：- 修复带描边组件的物体无法添加卷轴循环的问题,建议补充 OCR、截图、官方教程、引擎更新、实测或待验证标记；没有证据时降低语气。
WARN,truth-risk,docs/OCR资料/引擎更新截图转文本.md,368,强结论缺少附近证据提示：- 选择素材界面支持文件夹显示,建议补充 OCR、截图、官方教程、引擎更新、实测或待验证标记；没有证据时降低语气。
WARN,truth-risk,docs/OCR资料/引擎更新截图转文本.md,601,强结论缺少附近证据提示：- 旧逻辑的核心瓶颈来自“每台设备模拟所有玩家 UI”,建议补充 OCR、截图、官方教程、引擎更新、实测或待验证标记；没有证据时降低语气。
WARN,truth-risk,docs/OCR资料/OCR 完整化总表.md,200,强结论缺少附近证据提示：| 114012 | 恢复血量指令：可用于主角或挂载生命组件的物体，支持负数扣血 | E2 |,建议补充 OCR、截图、官方教程、引擎更新、实测或待验证标记；没有证据时降低语气。
WARN,truth-risk,docs/OCR资料/OCR 完整化总表.md,219,强结论缺少附近证据提示：| 115940 | 自身基础指令续页：设置子物体、丢弃子物体、销毁所有子物体、播放动效、播放动画、停止动画、沿角度移动、以角度面向、销毁自身、发送广播 | E2 |,建议补充 OCR、截图、官方教程、引擎更新、实测或待验证标记；没有证据时降低语气。
INFO,ai-tone,docs/关于.md,9,疑似 AI 味或过强修饰：- 需要深入研究脚本、组件、UI 的进阶开发者,建议改成更具体、更可验证的资料表述。
INFO,punctuation,docs/关于.md,65,"中文句子里夹杂英文标点：- 资料库已修复 26 篇文档的 110+ 处死链,统一全站文档状态字段",中文正文建议统一使用中文标点；代码、路径、URL 除外。
INFO,punctuation,docs/关于.md,66,"中文句子里夹杂英文标点：- 新增 404 错误页,引导用户回到主要入口",中文正文建议统一使用中文标点；代码、路径、URL 除外。
INFO,punctuation,docs/关于.md,80,"中文句子里夹杂英文标点：都可以通过 [GitHub Issues](https://github.com/Azek431/cysj-data/issues/new) 反馈,或者参考 [社区贡献与维护指南](/维护与报告/社区贡献与维护指南) 参与维护。",中文正文建议统一使用中文标点；代码、路径、URL 除外。
INFO,title-tone,docs/核心研究/创游世界变量与作用域完全指南.md,1,标题可能偏营销化或 AI 味：创游世界变量与作用域完全指南,资料库标题建议更克制，例如“机制整理”“入门说明”“资料索引”“问题速查”。
INFO,heading-tone,docs/核心研究/创游世界变量与作用域完全指南.md,2,标题可能偏 AI 味或营销化：创游世界脚本变量完全指南,资料站标题建议更像资料索引，不要过度使用“完全指南、终极、最强”。
INFO,ai-tone,docs/核心研究/创游世界变量与作用域完全指南.md,52,疑似 AI 味或过强修饰：> 📚 相关阅读：[创游世界数据类型完全指南](./创游世界数据类型完全指南.md) - 数据类型详解,建议改成更具体、更可验证的资料表述。
INFO,ai-tone,docs/核心研究/创游世界变量与作用域完全指南.md,371,疑似 AI 味或过强修饰：> 📚 相关阅读：[创游世界数据类型完全指南](./创游世界数据类型完全指南.md) - 数据类型详解,建议改成更具体、更可验证的资料表述。
INFO,ai-tone,docs/核心研究/创游世界变量与作用域完全指南.md,516,疑似 AI 味或过强修饰：- [创游世界数据类型完全指南](./创游世界数据类型完全指南.md) - 数据类型详解,建议改成更具体、更可验证的资料表述。
INFO,title-tone,docs/核心研究/创游世界广播机制完全指南.md,1,标题可能偏营销化或 AI 味：创游世界广播机制完全指南,资料库标题建议更克制，例如“机制整理”“入门说明”“资料索引”“问题速查”。
INFO,heading-tone,docs/核心研究/创游世界广播机制完全指南.md,2,标题可能偏 AI 味或营销化：创游世界广播机制完全指南,资料站标题建议更像资料索引，不要过度使用“完全指南、终极、最强”。
INFO,ai-tone,docs/核心研究/创游世界核心概念速查.md,63,疑似 AI 味或过强修饰：- [创游世界组件系统完全指南](../教程资料/专题研究/创游世界组件系统完全指南.md) - 组件系统详解,建议改成更具体、更可验证的资料表述。
INFO,ai-tone,docs/核心研究/创游世界核心概念速查.md,76,疑似 AI 味或过强修饰：- [创游世界自定义组件完全指南](../脚本系统/专题研究/创游世界自定义组件完全指南.md) - 自定义组件完全指南,建议改成更具体、更可验证的资料表述。
INFO,ai-tone,docs/核心研究/创游世界核心概念速查.md,88,疑似 AI 味或过强修饰：- [创游世界脚本入门完全指南](../教程资料/专题研究/创游世界脚本入门完全指南.md) - 脚本入门,建议改成更具体、更可验证的资料表述。
INFO,ai-tone,docs/核心研究/创游世界核心概念速查.md,91,疑似 AI 味或过强修饰：- [创游世界触发时机完全指南](../脚本系统/专题研究/创游世界触发时机完全指南.md) - 触发时机详解,建议改成更具体、更可验证的资料表述。
INFO,ai-tone,docs/核心研究/创游世界核心概念速查.md,106,疑似 AI 味或过强修饰：- [创游世界广播机制完全指南](./创游世界广播机制完全指南.md) - 广播详解,建议改成更具体、更可验证的资料表述。
INFO,ai-tone,docs/核心研究/创游世界核心概念速查.md,121,疑似 AI 味或过强修饰：- [创游世界变量与作用域完全指南](./创游世界变量与作用域完全指南.md) - 变量详解,建议改成更具体、更可验证的资料表述。
INFO,ai-tone,docs/核心研究/创游世界核心概念速查.md,123,疑似 AI 味或过强修饰：- [创游世界数据类型完全指南](./创游世界数据类型完全指南.md) - 数据类型详解,建议改成更具体、更可验证的资料表述。
INFO,ai-tone,docs/核心研究/创游世界核心概念速查.md,197,疑似 AI 味或过强修饰：- [创游世界触发时机完全指南](../脚本系统/专题研究/创游世界触发时机完全指南.md) - 触发时机详解,建议改成更具体、更可验证的资料表述。
INFO,ai-tone,docs/核心研究/创游世界核心概念速查.md,289,疑似 AI 味或过强修饰：- [创游世界物理与碰撞系统完全指南](./创游世界物理与碰撞系统完全指南.md) - 物理碰撞详解,建议改成更具体、更可验证的资料表述。
INFO,ai-tone,docs/核心研究/创游世界核心概念速查.md,312,疑似 AI 味或过强修饰：- [创游世界联机系统完全指南](./创游世界联机系统完全指南.md) - 联机系统详解,建议改成更具体、更可验证的资料表述。
INFO,ai-tone,docs/核心研究/创游世界核心概念速查.md,385,疑似 AI 味或过强修饰：| 脚本 | 用积木块写的行为逻辑 | [脚本入门完全指南](../教程资料/专题研究/创游世界脚本入门完全指南.md) |,建议改成更具体、更可验证的资料表述。
INFO,ai-tone,docs/核心研究/创游世界核心概念速查.md,389,疑似 AI 味或过强修饰：| 局部变量 | 临时变量，用完就消失 | [变量与作用域完全指南](./创游世界变量与作用域完全指南.md) |,建议改成更具体、更可验证的资料表述。
INFO,ai-tone,docs/核心研究/创游世界核心概念速查.md,390,疑似 AI 味或过强修饰：| 自身属性 | 物体私有的数据 | [变量与作用域完全指南](./创游世界变量与作用域完全指南.md) |,建议改成更具体、更可验证的资料表述。
INFO,ai-tone,docs/核心研究/创游世界核心概念速查.md,391,疑似 AI 味或过强修饰：| 地图属性 | 当前地图的共享数据 | [变量与作用域完全指南](./创游世界变量与作用域完全指南.md) |,建议改成更具体、更可验证的资料表述。
INFO,ai-tone,docs/核心研究/创游世界核心概念速查.md,392,疑似 AI 味或过强修饰：| 系统属性 | 整个游戏的全局数据 | [变量与作用域完全指南](./创游世界变量与作用域完全指南.md) |,建议改成更具体、更可验证的资料表述。
INFO,ai-tone,docs/核心研究/创游世界脚本调试与问题排查完整指南.md,403,疑似 AI 味或过强修饰：| [创游世界变量与作用域完全指南](/核心研究/创游世界变量与作用域完全指南.md) | 变量作用域详解 |,建议改成更具体、更可验证的资料表述。
INFO,ai-tone,docs/核心研究/创游世界脚本调试与问题排查完整指南.md,404,疑似 AI 味或过强修饰：| [创游世界广播机制完全指南](/核心研究/创游世界广播机制完全指南.md) | 广播机制详解 |,建议改成更具体、更可验证的资料表述。
INFO,ai-tone,docs/核心研究/创游世界脚本调试与问题排查完整指南.md,449,疑似 AI 味或过强修饰：- [创游世界变量与作用域完全指南](/核心研究/创游世界变量与作用域完全指南.md) - 变量作用域详解,建议改成更具体、更可验证的资料表述。
INFO,ai-tone,docs/核心研究/创游世界脚本调试与问题排查完整指南.md,450,疑似 AI 味或过强修饰：- [创游世界广播机制完全指南](/核心研究/创游世界广播机制完全指南.md) - 广播机制详解,建议改成更具体、更可验证的资料表述。
INFO,ai-tone,docs/核心研究/创游世界联机同步与多人游戏设计指南.md,334,疑似 AI 味或过强修饰：- [创游世界联机系统完全指南](/核心研究/创游世界联机系统完全指南.md) - 联机系统完整指南,建议改成更具体、更可验证的资料表述。
INFO,ai-tone,docs/核心研究/创游世界联机同步与多人游戏设计指南.md,337,疑似 AI 味或过强修饰：- [创游世界广播机制完全指南](/核心研究/创游世界广播机制完全指南.md) - 广播机制,建议改成更具体、更可验证的资料表述。
INFO,title-tone,docs/核心研究/创游世界联机玩法完全指南.md,1,标题可能偏营销化或 AI 味：创游世界联机玩法完全指南,资料库标题建议更克制，例如“机制整理”“入门说明”“资料索引”“问题速查”。
INFO,heading-tone,docs/核心研究/创游世界联机玩法完全指南.md,2,标题可能偏 AI 味或营销化：创游世界联机玩法完全指南,资料站标题建议更像资料索引，不要过度使用“完全指南、终极、最强”。
INFO,ai-tone,docs/核心研究/创游世界联机玩法完全指南.md,391,疑似 AI 味或过强修饰：- [创游世界联机系统完全指南](/核心研究/创游世界联机系统完全指南.md),建议改成更具体、更可验证的资料表述。
INFO,ai-tone,docs/核心研究/创游世界联机系统入门.md,93,疑似 AI 味或过强修饰：> 📚 相关阅读：[创游世界变量与作用域完全指南](./创游世界变量与作用域完全指南.md) - 变量详解,建议改成更具体、更可验证的资料表述。
INFO,ai-tone,docs/核心研究/创游世界联机系统入门.md,202,疑似 AI 味或过强修饰：- [创游世界变量与作用域完全指南](./创游世界变量与作用域完全指南.md) - 变量详解,建议改成更具体、更可验证的资料表述。
INFO,ai-tone,docs/核心研究/创游世界联机系统入门.md,203,疑似 AI 味或过强修饰：- [创游世界数据类型完全指南](./创游世界数据类型完全指南.md) - 数据类型详解,建议改成更具体、更可验证的资料表述。
INFO,ai-tone,docs/核心研究/创游世界联机系统速查卡.md,255,疑似 AI 味或过强修饰：- [创游世界联机系统完全指南](/核心研究/创游世界联机系统完全指南.md) - 完整联机文档,建议改成更具体、更可验证的资料表述。
INFO,title-tone,docs/核心研究/创游世界联机系统完全指南.md,1,标题可能偏营销化或 AI 味：创游世界联机系统完全指南,资料库标题建议更克制，例如“机制整理”“入门说明”“资料索引”“问题速查”。
INFO,heading-tone,docs/核心研究/创游世界联机系统完全指南.md,2,标题可能偏 AI 味或营销化：创游世界联机系统完全指南,资料站标题建议更像资料索引，不要过度使用“完全指南、终极、最强”。
INFO,ai-tone,docs/核心研究/创游世界联机系统完全指南.md,347,疑似 AI 味或过强修饰：- [创游世界广播机制完全指南](../../教程资料/创游世界广播机制完全指南.md) - 广播详解,建议改成更具体、更可验证的资料表述。
INFO,version-evidence,docs/核心研究/创游世界联机游戏开发完整指南.md,179,提到版本号但附近没有来源提示：**4.52.54 之前的问题**：,版本相关内容最好补充引擎更新截图、OCR 或资料来源。
INFO,version-evidence,docs/核心研究/创游世界联机游戏开发完整指南.md,184,提到版本号但附近没有来源提示：**4.52.54+ 的改进**：,版本相关内容最好补充引擎更新截图、OCR 或资料来源。
INFO,ai-tone,docs/核心研究/创游世界碰撞与物理系统入门.md,215,疑似 AI 味或过强修饰：- [创游世界变量与作用域完全指南](./创游世界变量与作用域完全指南.md) - 变量详解,建议改成更具体、更可验证的资料表述。
INFO,ai-tone,docs/核心研究/创游世界碰撞与物理系统入门.md,216,疑似 AI 味或过强修饰：- [创游世界数据类型完全指南](./创游世界数据类型完全指南.md) - 数据类型详解,建议改成更具体、更可验证的资料表述。
INFO,ai-tone,docs/核心研究/创游世界数据存储选择指南.md,364,疑似 AI 味或过强修饰：- [创游世界变量与作用域完全指南](./创游世界变量与作用域完全指南.md),建议改成更具体、更可验证的资料表述。
INFO,ai-tone,docs/核心研究/创游世界数据存储选择指南.md,366,疑似 AI 味或过强修饰：- [创游世界数据类型完全指南](./创游世界数据类型完全指南.md),建议改成更具体、更可验证的资料表述。
INFO,ai-tone,docs/核心研究/创游世界数据分层模型.md,324,疑似 AI 味或过强修饰：- [创游世界变量与作用域完全指南](./创游世界变量与作用域完全指南.md) - 更详细的变量系统说明,建议改成更具体、更可验证的资料表述。
INFO,ai-tone,docs/核心研究/创游世界数据分层模型.md,325,疑似 AI 味或过强修饰：- [创游世界变量与作用域完全指南](./创游世界变量与作用域完全指南.md) - 变量基础概念,建议改成更具体、更可验证的资料表述。
INFO,title-tone,docs/核心研究/创游世界数据类型完全指南.md,1,标题可能偏营销化或 AI 味：创游世界数据类型完全指南,资料库标题建议更克制，例如“机制整理”“入门说明”“资料索引”“问题速查”。
INFO,heading-tone,docs/核心研究/创游世界数据类型完全指南.md,2,标题可能偏 AI 味或营销化：创游世界数据类型完全指南,资料站标题建议更像资料索引，不要过度使用“完全指南、终极、最强”。
INFO,version-evidence,docs/核心研究/创游世界数据类型完全指南.md,14,提到版本号但附近没有来源提示：- 想了解 4.54.0 新增结构体功能的用户,版本相关内容最好补充引擎更新截图、OCR 或资料来源。
INFO,version-evidence,docs/核心研究/创游世界数据类型完全指南.md,63,提到版本号但附近没有来源提示：| **结构体** | 多字段复合数据（4.54.0+）| 包含多个属性的对象 |,版本相关内容最好补充引擎更新截图、OCR 或资料来源。
INFO,ai-tone,docs/核心研究/创游世界数据类型完全指南.md,115,疑似 AI 味或过强修饰：> 📚 相关阅读：[创游世界变量与作用域完全指南](./创游世界变量与作用域完全指南.md) - 变量作用域详解,建议改成更具体、更可验证的资料表述。
INFO,ai-tone,docs/核心研究/创游世界数据类型完全指南.md,261,疑似 AI 味或过强修饰：> 📚 相关阅读：[创游世界变量与作用域完全指南](./创游世界变量与作用域完全指南.md) - 配置表详解,建议改成更具体、更可验证的资料表述。
INFO,version-evidence,docs/核心研究/创游世界数据类型完全指南.md,387,提到版本号但附近没有来源提示：| 有多个属性的对象 | 结构体（4.54.0+）|,版本相关内容最好补充引擎更新截图、OCR 或资料来源。
INFO,ai-tone,docs/核心研究/创游世界数据类型完全指南.md,433,疑似 AI 味或过强修饰：- [创游世界变量与作用域完全指南](./创游世界变量与作用域完全指南.md) - 变量详解,建议改成更具体、更可验证的资料表述。
INFO,title-tone,docs/核心研究/创游世界物理与碰撞系统完全指南.md,1,标题可能偏营销化或 AI 味：创游世界物理与碰撞系统完全指南,资料库标题建议更克制，例如“机制整理”“入门说明”“资料索引”“问题速查”。
INFO,heading-tone,docs/核心研究/创游世界物理与碰撞系统完全指南.md,2,标题可能偏 AI 味或营销化：创游世界物理与碰撞系统完全指南,资料站标题建议更像资料索引，不要过度使用“完全指南、终极、最强”。
INFO,ai-tone,docs/核心研究/创游世界组件能力速查手册.md,566,疑似 AI 味或过强修饰：- [创游世界组件系统完全指南](../教程资料/专题研究/创游世界组件系统完全指南.md) - 组件系统详解,建议改成更具体、更可验证的资料表述。
INFO,ai-tone,docs/核心研究/创游世界组件速查表.md,23,疑似 AI 味或过强修饰：> 💡 如果你想深入了解组件系统，请查看：[创游世界组件系统完全指南](../教程资料/专题研究/创游世界组件系统完全指南.md),建议改成更具体、更可验证的资料表述。
INFO,ai-tone,docs/核心研究/创游世界组件速查表.md,246,疑似 AI 味或过强修饰：> 📚 相关阅读：[创游世界动画与动效系统完全指南](../教程资料/专题研究/创游世界动画与动效系统完全指南.md) - 动画系统详解,建议改成更具体、更可验证的资料表述。
INFO,ai-tone,docs/核心研究/创游世界组件速查表.md,440,疑似 AI 味或过强修饰：- [创游世界变量与作用域完全指南](./创游世界变量与作用域完全指南.md) - 变量详解,建议改成更具体、更可验证的资料表述。
INFO,ai-tone,docs/核心研究/创游世界组件速查表.md,441,疑似 AI 味或过强修饰：- [创游世界数据类型完全指南](./创游世界数据类型完全指南.md) - 数据类型详解,建议改成更具体、更可验证的资料表述。
INFO,ai-tone,docs/核心研究/创游世界组件速查表.md,451,疑似 AI 味或过强修饰：- [创游世界组件系统完全指南](../教程资料/专题研究/创游世界组件系统完全指南.md) - 组件完整指南,建议改成更具体、更可验证的资料表述。
INFO,ai-tone,docs/核心研究/创游世界组件速查表.md,454,疑似 AI 味或过强修饰：- [创游世界动画与动效系统完全指南](../教程资料/专题研究/创游世界动画与动效系统完全指南.md) - 动画系统,建议改成更具体、更可验证的资料表述。
INFO,title-tone,docs/核心研究/创游世界最小练习项目完全指南.md,1,标题可能偏营销化或 AI 味：创游世界最小练习项目完全指南,资料库标题建议更克制，例如“机制整理”“入门说明”“资料索引”“问题速查”。
INFO,heading-tone,docs/核心研究/创游世界最小练习项目完全指南.md,2,标题可能偏 AI 味或营销化：创游世界最小练习项目完全指南,资料站标题建议更像资料索引，不要过度使用“完全指南、终极、最强”。
INFO,ai-tone,docs/核心研究/创游世界最小练习项目完全指南.md,300,疑似 AI 味或过强修饰：- [创游世界广播机制完全指南](/核心研究/创游世界广播机制完全指南.md) - 广播使用详解,建议改成更具体、更可验证的资料表述。
INFO,ai-tone,docs/核心研究/创游世界最小练习项目完全指南.md,301,疑似 AI 味或过强修饰：- [创游世界变量与作用域完全指南](/核心研究/创游世界变量与作用域完全指南.md) - 变量使用详解,建议改成更具体、更可验证的资料表述。
INFO,ai-tone,docs/核心研究/广播与事件机制导航.md,41,疑似 AI 味或过强修饰：| [创游世界广播机制完全指南](../教程资料/创游世界广播机制完全指南.md) | 广播机制的完整使用指南 | 进阶 |,建议改成更具体、更可验证的资料表述。
INFO,ai-tone,docs/核心研究/核心概念速查手册.md,102,疑似 AI 味或过强修饰：> 📚 相关阅读：[创游世界组件系统完全指南](../教程资料/专题研究/创游世界组件系统完全指南.md) - 组件系统详解,建议改成更具体、更可验证的资料表述。
INFO,ai-tone,docs/核心研究/核心概念速查手册.md,131,疑似 AI 味或过强修饰：> 📚 相关阅读：[创游世界触发时机完全指南](../脚本系统/专题研究/创游世界触发时机完全指南.md) - 触发时机完全指南,建议改成更具体、更可验证的资料表述。
INFO,ai-tone,docs/核心研究/核心概念速查手册.md,153,疑似 AI 味或过强修饰：> 📚 相关阅读：[创游世界脚本入门完全指南](../教程资料/专题研究/创游世界脚本入门完全指南.md) - 脚本入门指南,建议改成更具体、更可验证的资料表述。
INFO,ai-tone,docs/核心研究/核心概念速查手册.md,186,疑似 AI 味或过强修饰：> 📚 相关阅读：[创游世界触发时机完全指南](../脚本系统/专题研究/创游世界触发时机完全指南.md) - 触发时机详解,建议改成更具体、更可验证的资料表述。
INFO,ai-tone,docs/核心研究/核心概念速查手册.md,208,疑似 AI 味或过强修饰：> 📚 相关阅读：[创游世界变量与作用域完全指南](./创游世界变量与作用域完全指南.md) - 变量详解,建议改成更具体、更可验证的资料表述。
INFO,version-evidence,docs/核心研究/核心概念速查手册.md,291,提到版本号但附近没有来源提示：- 4.52.54 之前：`玩家.当前UI`,版本相关内容最好补充引擎更新截图、OCR 或资料来源。
INFO,version-evidence,docs/核心研究/核心概念速查手册.md,292,提到版本号但附近没有来源提示：- 4.52.54 之后：`当前UI`（已弃用旧写法）,版本相关内容最好补充引擎更新截图、OCR 或资料来源。
INFO,ai-tone,docs/核心研究/核心概念速查手册.md,455,疑似 AI 味或过强修饰：> 📚 相关阅读：[创游世界新手避坑完全指南](../教程资料/创游世界新手避坑完全指南.md) - 避坑指南,建议改成更具体、更可验证的资料表述。
INFO,ai-tone,docs/核心研究/核心概念速查手册.md,463,疑似 AI 味或过强修饰：- [创游世界变量与作用域完全指南](./创游世界变量与作用域完全指南.md) - 变量与作用域详解,建议改成更具体、更可验证的资料表述。
INFO,ai-tone,docs/核心研究/核心概念速查手册.md,464,疑似 AI 味或过强修饰：- [创游世界数据类型完全指南](./创游世界数据类型完全指南.md) - 数据类型详解,建议改成更具体、更可验证的资料表述。
INFO,ai-tone,docs/核心研究/核心概念速查手册.md,478,疑似 AI 味或过强修饰：- [创游世界触发时机完全指南](../脚本系统/专题研究/创游世界触发时机完全指南.md) - 触发时机详解,建议改成更具体、更可验证的资料表述。
INFO,ai-tone,docs/核心研究/核心概念速查手册.md,483,疑似 AI 味或过强修饰：- [创游世界新手避坑完全指南](../教程资料/创游世界新手避坑完全指南.md) - 避坑指南,建议改成更具体、更可验证的资料表述。
INFO,ai-tone,docs/核心研究/核心研究导航.md,42,疑似 AI 味或过强修饰：- [创游世界变量完全指南](../教程资料/创游世界变量完全指南.md) - 变量入门指南,建议改成更具体、更可验证的资料表述。
INFO,ai-tone,docs/核心研究/核心研究导航.md,45,疑似 AI 味或过强修饰：- [创游世界变量与作用域完全指南](./创游世界变量与作用域完全指南.md) - 变量详解,建议改成更具体、更可验证的资料表述。
INFO,ai-tone,docs/核心研究/核心研究导航.md,66,疑似 AI 味或过强修饰：- [创游世界组件系统完全指南](../教程资料/专题研究/创游世界组件系统完全指南.md) ← 新增,建议改成更具体、更可验证的资料表述。
INFO,ai-tone,docs/核心研究/核心研究导航.md,78,疑似 AI 味或过强修饰：- [创游世界物理与碰撞系统完全指南](./创游世界物理与碰撞系统完全指南.md) ← 新增,建议改成更具体、更可验证的资料表述。
INFO,ai-tone,docs/核心研究/核心研究导航.md,171,疑似 AI 味或过强修饰：- [创游世界脚本入门完全指南](../教程资料/专题研究/创游世界脚本入门完全指南.md) - 脚本入门,建议改成更具体、更可验证的资料表述。
INFO,ai-tone,docs/核心研究/数据、变量与作用域导航.md,34,疑似 AI 味或过强修饰：| [创游世界数据类型完全指南](../核心研究/创游世界数据类型完全指南.md) | 数据类型与转换 | 进阶 |,建议改成更具体、更可验证的资料表述。
INFO,ai-tone,docs/核心研究/组件与对象系统导航.md,31,疑似 AI 味或过强修饰：| [创游世界组件系统完全指南](../教程资料/专题研究/创游世界组件系统完全指南.md) | 组件系统完全指南 | 入门 |,建议改成更具体、更可验证的资料表述。
INFO,version-evidence,docs/核心研究/UI与交互研究导航.md,70,提到版本号但附近没有来源提示：| **当前UI** | 当前正在显示的UI界面（4.52.54+改用新写法） |,版本相关内容最好补充引擎更新截图、OCR 或资料来源。
INFO,ai-tone,docs/核心研究/UI与交互研究导航.md,104,疑似 AI 味或过强修饰：- [创游世界触发时机完全指南](../脚本系统/专题研究/创游世界触发时机完全指南.md) - 触发时机详解,建议改成更具体、更可验证的资料表述。
INFO,ai-tone,docs/脚本系统/创游世界广播命名规范与最佳实践.md,265,疑似 AI 味或过强修饰：> 📚 相关阅读：[创游世界新手避坑完全指南](../教程资料/创游世界新手避坑完全指南.md) - 广播避坑,建议改成更具体、更可验证的资料表述。
INFO,ai-tone,docs/脚本系统/创游世界广播命名规范与最佳实践.md,317,疑似 AI 味或过强修饰：- [创游世界新手避坑完全指南](../教程资料/创游世界新手避坑完全指南.md) - 避坑指南,建议改成更具体、更可验证的资料表述。
INFO,ai-tone,docs/脚本系统/脚本系统导航.md,13,疑似 AI 味或过强修饰：- 需要深入研究脚本能力边界的进阶开发者,建议改成更具体、更可验证的资料表述。
INFO,ai-tone,docs/脚本系统/脚本系统导航.md,34,疑似 AI 味或过强修饰：| [创游世界脚本入门完全指南](/教程资料/专题研究/创游世界脚本入门完全指南) | 零基础脚本入门 | 入门 |,建议改成更具体、更可验证的资料表述。
INFO,ai-tone,docs/脚本系统/脚本系统导航.md,45,疑似 AI 味或过强修饰：| [创游世界变量完全指南](/教程资料/创游世界变量完全指南) | 变量系统入门指南 | 入门 |,建议改成更具体、更可验证的资料表述。
INFO,ai-tone,docs/脚本系统/脚本系统导航.md,46,疑似 AI 味或过强修饰：| [创游世界广播完全指南](/教程资料/创游世界广播完全指南) | 广播机制入门指南 | 入门 |,建议改成更具体、更可验证的资料表述。
INFO,ai-tone,docs/脚本系统/脚本系统导航.md,47,疑似 AI 味或过强修饰：| [创游世界脚本入门完全指南](/教程资料/专题研究/创游世界脚本入门完全指南) | 脚本入门完全指南 | 入门 |,建议改成更具体、更可验证的资料表述。
INFO,ai-tone,docs/脚本系统/脚本系统导航.md,48,疑似 AI 味或过强修饰：| [创游世界触发时机完全指南](/脚本系统/专题研究/创游世界触发时机完全指南) | 触发时机分类与用法详解 | 入门/进阶 |,建议改成更具体、更可验证的资料表述。
INFO,title-tone,docs/脚本系统/专题研究/创游世界触发时机完全指南.md,1,标题可能偏营销化或 AI 味：创游世界触发时机完全指南,资料库标题建议更克制，例如“机制整理”“入门说明”“资料索引”“问题速查”。
INFO,heading-tone,docs/脚本系统/专题研究/创游世界触发时机完全指南.md,2,标题可能偏 AI 味或营销化：创游世界触发时机完全指南,资料站标题建议更像资料索引，不要过度使用“完全指南、终极、最强”。
INFO,ai-tone,docs/脚本系统/专题研究/创游世界触发时机完全指南.md,496,疑似 AI 味或过强修饰：- [创游世界广播机制完全指南](../核心研究/创游世界广播机制完全指南.md),建议改成更具体、更可验证的资料表述。
INFO,ai-tone,docs/脚本系统/专题研究/创游世界触发时机完全指南.md,498,疑似 AI 味或过强修饰：- [创游世界变量与作用域完全指南](../核心研究/创游世界变量与作用域完全指南.md),建议改成更具体、更可验证的资料表述。
INFO,ai-tone,docs/脚本系统/专题研究/创游世界新手常见卡点与避坑清单.md,257,疑似 AI 味或过强修饰：- [创游世界变量与作用域完全指南](/核心研究/创游世界变量与作用域完全指南) - 变量作用域详解,建议改成更具体、更可验证的资料表述。
INFO,ai-tone,docs/脚本系统/专题研究/创游世界新手常见卡点与避坑清单.md,258,疑似 AI 味或过强修饰：- [创游世界广播机制完全指南](/核心研究/创游世界广播机制完全指南) - 广播机制详解,建议改成更具体、更可验证的资料表述。
INFO,ai-tone,docs/脚本系统/专题研究/创游世界战斗系统设计入门.md,210,疑似 AI 味或过强修饰：- [创游世界变量与作用域完全指南](../核心研究/创游世界变量与作用域完全指南.md) - 变量详解,建议改成更具体、更可验证的资料表述。
INFO,ai-tone,docs/脚本系统/专题研究/创游世界战斗系统设计入门.md,211,疑似 AI 味或过强修饰：- [创游世界数据类型完全指南](../核心研究/创游世界数据类型完全指南.md) - 数据类型详解,建议改成更具体、更可验证的资料表述。
INFO,title-tone,docs/脚本系统/专题研究/创游世界自定义组件完全指南.md,1,标题可能偏营销化或 AI 味：创游世界自定义组件完全指南,资料库标题建议更克制，例如“机制整理”“入门说明”“资料索引”“问题速查”。
INFO,heading-tone,docs/脚本系统/专题研究/创游世界自定义组件完全指南.md,2,标题可能偏 AI 味或营销化：创游世界自定义组件完全指南,资料站标题建议更像资料索引，不要过度使用“完全指南、终极、最强”。
INFO,ai-tone,docs/脚本系统/专题研究/创游世界自定义组件完全指南.md,319,疑似 AI 味或过强修饰：- [创游世界组件系统完全指南](../教程资料/专题研究/创游世界组件系统完全指南.md),建议改成更具体、更可验证的资料表述。
INFO,ai-tone,docs/脚本系统/专题研究/创游世界自定义组件完全指南.md,320,疑似 AI 味或过强修饰：- [创游世界触发时机完全指南](./创游世界触发时机完全指南.md),建议改成更具体、更可验证的资料表述。
INFO,ai-tone,docs/脚本系统/专题研究/创游世界UI数据同步架构.md,289,疑似 AI 味或过强修饰：- [创游世界变量与作用域完全指南](../核心研究/创游世界变量与作用域完全指南.md) - 变量详解,建议改成更具体、更可验证的资料表述。
INFO,ai-tone,docs/脚本系统/专题研究/脚本作用域与数据流深度研究.md,6,疑似 AI 味或过强修饰：本文基于脚本界面截图与官方教程，深入研究创游世界中局部变量、自身属性、当前地图属性、系统属性四层作用域的差异与数据流向，帮助你理解数据分层设计的核心原则。,建议改成更具体、更可验证的资料表述。
INFO,ai-tone,docs/脚本系统/专题研究/脚本作用域与数据流深度研究.md,64,疑似 AI 味或过强修饰：> 📚 相关阅读：[创游世界变量与作用域完全指南](../核心研究/创游世界变量与作用域完全指南.md) - 变量详解,建议改成更具体、更可验证的资料表述。
INFO,ai-tone,docs/脚本系统/专题研究/脚本作用域与数据流深度研究.md,301,疑似 AI 味或过强修饰：- [创游世界变量与作用域完全指南](../核心研究/创游世界变量与作用域完全指南.md) - 变量详解,建议改成更具体、更可验证的资料表述。
INFO,ai-tone,docs/脚本系统/专题研究/脚本作用域与数据流深度研究.md,302,疑似 AI 味或过强修饰：- [创游世界数据类型完全指南](../核心研究/创游世界数据类型完全指南.md) - 数据类型详解,建议改成更具体、更可验证的资料表述。
INFO,ai-tone,docs/脚本系统/专题研究/自定义组件深度解析.md,7,疑似 AI 味或过强修饰：本文基于脚本界面截图与官方教程，深入解析创游世界自定义组件的属性、指令、触发时机与组件复用机制，帮助你理解如何设计可复用的自定义组件。,建议改成更具体、更可验证的资料表述。
INFO,ai-tone,docs/脚本系统/专题研究/自定义组件深度解析.md,144,疑似 AI 味或过强修饰：> 📚 相关阅读：[创游世界变量与作用域完全指南](../核心研究/创游世界变量与作用域完全指南.md) - 变量详解,建议改成更具体、更可验证的资料表述。
INFO,ai-tone,docs/脚本系统/专题研究/自定义组件深度解析.md,171,疑似 AI 味或过强修饰：> 📚 相关阅读：[创游世界组件系统完全指南](../教程资料/专题研究/创游世界组件系统完全指南.md) - 组件系统详解,建议改成更具体、更可验证的资料表述。
INFO,ai-tone,docs/脚本系统/专题研究/自定义组件深度解析.md,244,疑似 AI 味或过强修饰：- [创游世界触发时机完全指南](./创游世界触发时机完全指南.md) - 触发时机详解,建议改成更具体、更可验证的资料表述。
INFO,ai-tone,docs/脚本系统/专题研究/自定义组件深度解析.md,250,疑似 AI 味或过强修饰：- [创游世界变量与作用域完全指南](../核心研究/创游世界变量与作用域完全指南.md) - 变量详解,建议改成更具体、更可验证的资料表述。
INFO,ai-tone,docs/脚本系统/专题研究/自定义组件深度解析.md,251,疑似 AI 味或过强修饰：- [创游世界数据类型完全指南](../核心研究/创游世界数据类型完全指南.md) - 数据类型详解,建议改成更具体、更可验证的资料表述。
INFO,ai-tone,docs/脚本系统/专题研究/自定义组件深度解析.md,254,疑似 AI 味或过强修饰：- [创游世界组件系统完全指南](../教程资料/专题研究/创游世界组件系统完全指南.md) - 组件系统详解,建议改成更具体、更可验证的资料表述。
INFO,ai-tone,docs/教程资料/常见问题与避坑指南.md,62,疑似 AI 味或过强修饰：> 📚 相关阅读：[创游世界组件系统完全指南](./专题研究/创游世界组件系统完全指南.md),建议改成更具体、更可验证的资料表述。
INFO,ai-tone,docs/教程资料/常见问题与避坑指南.md,154,疑似 AI 味或过强修饰：> 📚 相关阅读：[创游世界变量与作用域完全指南](../核心研究/创游世界变量与作用域完全指南.md),建议改成更具体、更可验证的资料表述。
INFO,version-evidence,docs/教程资料/常见问题与避坑指南.md,302,提到版本号但附近没有来源提示：| 音效 | 10 秒内（4.54.0 前）/ 30 秒（4.54.0 后） | 30 个 | 短促反馈音 |,版本相关内容最好补充引擎更新截图、OCR 或资料来源。
INFO,ai-tone,docs/教程资料/常见问题与避坑指南.md,305,疑似 AI 味或过强修饰：> 📚 相关阅读：[创游世界数据类型完全指南](../核心研究/创游世界数据类型完全指南.md),建议改成更具体、更可验证的资料表述。
INFO,ai-tone,docs/教程资料/常见问题与避坑指南.md,360,疑似 AI 味或过强修饰：- [创游世界新手避坑完全指南](./创游世界新手避坑完全指南.md) - 避坑指南,建议改成更具体、更可验证的资料表述。
INFO,ai-tone,docs/教程资料/常见问题与避坑指南.md,364,疑似 AI 味或过强修饰：- [创游世界变量与作用域完全指南](../核心研究/创游世界变量与作用域完全指南.md) - 变量详解,建议改成更具体、更可验证的资料表述。
INFO,ai-tone,docs/教程资料/常见问题与避坑指南.md,365,疑似 AI 味或过强修饰：- [创游世界数据类型完全指南](../核心研究/创游世界数据类型完全指南.md) - 数据类型详解,建议改成更具体、更可验证的资料表述。
INFO,title-tone,docs/教程资料/创游世界变量入门完全指南.md,1,标题可能偏营销化或 AI 味：创游世界变量入门完全指南,资料库标题建议更克制，例如“机制整理”“入门说明”“资料索引”“问题速查”。
INFO,heading-tone,docs/教程资料/创游世界变量入门完全指南.md,2,标题可能偏 AI 味或营销化：创游世界变量入门完全指南,资料站标题建议更像资料索引，不要过度使用“完全指南、终极、最强”。
INFO,ai-tone,docs/教程资料/创游世界变量入门完全指南.md,377,疑似 AI 味或过强修饰：- [创游世界快速入门完全指南](./创游世界快速入门完全指南.md) - 综合入门,建议改成更具体、更可验证的资料表述。
INFO,title-tone,docs/教程资料/创游世界变量完全指南.md,1,标题可能偏营销化或 AI 味：创游世界变量完全指南,资料库标题建议更克制，例如“机制整理”“入门说明”“资料索引”“问题速查”。
INFO,heading-tone,docs/教程资料/创游世界变量完全指南.md,2,标题可能偏 AI 味或营销化：创游世界变量完全指南,资料站标题建议更像资料索引，不要过度使用“完全指南、终极、最强”。
INFO,ai-tone,docs/教程资料/创游世界变量完全指南.md,95,疑似 AI 味或过强修饰：> 相关阅读：[创游世界变量与作用域完全指南](../核心研究/创游世界变量与作用域完全指南.md),建议改成更具体、更可验证的资料表述。
INFO,ai-tone,docs/教程资料/创游世界变量完全指南.md,188,疑似 AI 味或过强修饰：- [创游世界变量与作用域完全指南](../核心研究/创游世界变量与作用域完全指南.md),建议改成更具体、更可验证的资料表述。
INFO,ai-tone,docs/教程资料/创游世界变量完全指南.md,189,疑似 AI 味或过强修饰：- [创游世界数据类型完全指南](../核心研究/创游世界数据类型完全指南.md),建议改成更具体、更可验证的资料表述。
INFO,ai-tone,docs/教程资料/创游世界变量作用域速查卡.md,294,疑似 AI 味或过强修饰：- [创游世界变量与作用域完全指南](/核心研究/创游世界变量与作用域完全指南) - 完整版指南,建议改成更具体、更可验证的资料表述。
INFO,ai-tone,docs/教程资料/创游世界触发时机速查卡.md,505,疑似 AI 味或过强修饰：- [创游世界脚本入门完全指南](./专题研究/创游世界脚本入门完全指南.md),建议改成更具体、更可验证的资料表述。
INFO,ai-tone,docs/教程资料/创游世界触发时机速查卡.md,506,疑似 AI 味或过强修饰：- [创游世界触发时机完全指南](../脚本系统/专题研究/创游世界触发时机完全指南.md),建议改成更具体、更可验证的资料表述。
INFO,ai-tone,docs/教程资料/创游世界触发时机速查卡.md,507,疑似 AI 味或过强修饰：- [创游世界广播机制完全指南](./创游世界广播机制完全指南.md),建议改成更具体、更可验证的资料表述。
INFO,ai-tone,docs/教程资料/创游世界概念速查卡.md,260,疑似 AI 味或过强修饰：- [创游世界变量与作用域完全指南](../核心研究/创游世界变量与作用域完全指南.md),建议改成更具体、更可验证的资料表述。
INFO,ai-tone,docs/教程资料/创游世界概念速查卡.md,261,疑似 AI 味或过强修饰：- [创游世界新手避坑完全指南](./创游世界新手避坑完全指南.md),建议改成更具体、更可验证的资料表述。
INFO,title-tone,docs/教程资料/创游世界广播机制完全指南.md,1,标题可能偏营销化或 AI 味：创游世界广播机制完全指南,资料库标题建议更克制，例如“机制整理”“入门说明”“资料索引”“问题速查”。
INFO,heading-tone,docs/教程资料/创游世界广播机制完全指南.md,2,标题可能偏 AI 味或营销化：创游世界广播机制完全指南,资料站标题建议更像资料索引，不要过度使用“完全指南、终极、最强”。
INFO,ai-tone,docs/教程资料/创游世界广播机制完全指南.md,287,疑似 AI 味或过强修饰：4.52.54 版本后，每个玩家只运行自己的 UI 逻辑，显著提升了：,建议改成更具体、更可验证的资料表述。
INFO,ai-tone,docs/教程资料/创游世界广播机制完全指南.md,372,疑似 AI 味或过强修饰：- [广播机制深度解析](./专题研究/广播机制深度解析.md) - 广播机制的深入分析,建议改成更具体、更可验证的资料表述。
INFO,ai-tone,docs/教程资料/创游世界广播使用速查卡.md,340,疑似 AI 味或过强修饰：- [创游世界广播机制完全指南](../核心研究/创游世界广播机制完全指南.md),建议改成更具体、更可验证的资料表述。
INFO,title-tone,docs/教程资料/创游世界广播完全指南.md,1,标题可能偏营销化或 AI 味：创游世界广播完全指南,资料库标题建议更克制，例如“机制整理”“入门说明”“资料索引”“问题速查”。
INFO,heading-tone,docs/教程资料/创游世界广播完全指南.md,2,标题可能偏 AI 味或营销化：创游世界广播完全指南,资料站标题建议更像资料索引，不要过度使用“完全指南、终极、最强”。
INFO,ai-tone,docs/教程资料/创游世界广播完全指南.md,309,疑似 AI 味或过强修饰：4.52.54 版本后，每个玩家只运行自己的 UI 逻辑，显著提升了：,建议改成更具体、更可验证的资料表述。
INFO,ai-tone,docs/教程资料/创游世界广播完全指南.md,406,疑似 AI 味或过强修饰：- [广播机制深度解析](./专题研究/广播机制深度解析.md) - 广播机制深入分析,建议改成更具体、更可验证的资料表述。
INFO,ai-tone,docs/教程资料/创游世界广播完全指南.md,407,疑似 AI 味或过强修饰：- [创游世界变量完全指南](./创游世界变量完全指南.md) - 变量系统入门,建议改成更具体、更可验证的资料表述。
INFO,ai-tone,docs/教程资料/创游世界核心概念问答.md,240,疑似 AI 味或过强修饰：- [创游世界新手避坑完全指南](/教程资料/创游世界新手避坑完全指南),建议改成更具体、更可验证的资料表述。
INFO,ai-tone,docs/教程资料/创游世界核心概念问答.md,241,疑似 AI 味或过强修饰：- [脚本入门完全指南](/教程资料/专题研究/创游世界脚本入门完全指南),建议改成更具体、更可验证的资料表述。
INFO,ai-tone,docs/教程资料/创游世界核心概念问答.md,243,疑似 AI 味或过强修饰：- [组件系统完全指南](/教程资料/专题研究/创游世界组件系统完全指南),建议改成更具体、更可验证的资料表述。
INFO,ai-tone,docs/教程资料/创游世界脚本调试指南.md,373,疑似 AI 味或过强修饰：- [创游世界脚本入门完全指南](./专题研究/创游世界脚本入门完全指南.md),建议改成更具体、更可验证的资料表述。
INFO,ai-tone,docs/教程资料/创游世界脚本调试指南.md,374,疑似 AI 味或过强修饰：- [创游世界广播机制完全指南](../核心研究/创游世界广播机制完全指南.md),建议改成更具体、更可验证的资料表述。
INFO,ai-tone,docs/教程资料/创游世界脚本调试指南.md,375,疑似 AI 味或过强修饰：- [创游世界变量与作用域完全指南](../核心研究/创游世界变量与作用域完全指南.md),建议改成更具体、更可验证的资料表述。
INFO,ai-tone,docs/教程资料/创游世界脚本调试指南.md,377,疑似 AI 味或过强修饰：- [创游世界新手避坑完全指南](./创游世界新手避坑完全指南.md),建议改成更具体、更可验证的资料表述。
INFO,ai-tone,docs/教程资料/创游世界脚本入门实践.md,313,疑似 AI 味或过强修饰：- [创游世界脚本入门完全指南](./专题研究/创游世界脚本入门完全指南.md) - 了解脚本的完整能力,建议改成更具体、更可验证的资料表述。
INFO,title-tone,docs/教程资料/创游世界脚本入门完全指南.md,1,标题可能偏营销化或 AI 味：创游世界脚本入门完全指南,资料库标题建议更克制，例如“机制整理”“入门说明”“资料索引”“问题速查”。
INFO,heading-tone,docs/教程资料/创游世界脚本入门完全指南.md,2,标题可能偏 AI 味或营销化：创游世界脚本入门完全指南,资料站标题建议更像资料索引，不要过度使用“完全指南、终极、最强”。
INFO,ai-tone,docs/教程资料/创游世界脚本入门完全指南.md,8,疑似 AI 味或过强修饰：本文为零基础用户提供创游世界脚本入门完全指南，涵盖触发时机、变量、广播、条件判断、循环等核心概念，通过图文示例帮助新手快速掌握脚本编写基础。,建议改成更具体、更可验证的资料表述。
INFO,ai-tone,docs/教程资料/创游世界脚本入门完全指南.md,463,疑似 AI 味或过强修饰：- [创游世界广播机制完全指南](../核心研究/创游世界广播机制完全指南.md) - 广播详解,建议改成更具体、更可验证的资料表述。
INFO,ai-tone,docs/教程资料/创游世界脚本入门完全指南.md,464,疑似 AI 味或过强修饰：- [创游世界变量与作用域完全指南](../核心研究/创游世界变量与作用域完全指南.md) - 变量详解,建议改成更具体、更可验证的资料表述。
INFO,ai-tone,docs/教程资料/创游世界脚本入门完全指南.md,465,疑似 AI 味或过强修饰：- [创游世界数据类型完全指南](../核心研究/创游世界数据类型完全指南.md) - 数据类型详解,建议改成更具体、更可验证的资料表述。
INFO,title-tone,docs/教程资料/创游世界快速入门完全指南.md,1,标题可能偏营销化或 AI 味：创游世界快速入门完全指南,资料库标题建议更克制，例如“机制整理”“入门说明”“资料索引”“问题速查”。
INFO,heading-tone,docs/教程资料/创游世界快速入门完全指南.md,2,标题可能偏 AI 味或营销化：创游世界快速入门完全指南,资料站标题建议更像资料索引，不要过度使用“完全指南、终极、最强”。
INFO,ai-tone,docs/教程资料/创游世界快速入门完全指南.md,413,疑似 AI 味或过强修饰：| [变量与作用域完全指南](../核心研究/创游世界变量与作用域完全指南.md) | 深入理解变量 | ⭐⭐ |,建议改成更具体、更可验证的资料表述。
INFO,ai-tone,docs/教程资料/创游世界快速入门完全指南.md,414,疑似 AI 味或过强修饰：| [组件系统完全指南](../专题研究/创游世界组件系统完全指南.md) | 深入理解组件 | ⭐⭐ |,建议改成更具体、更可验证的资料表述。
INFO,ai-tone,docs/教程资料/创游世界快速上手清单.md,190,疑似 AI 味或过强修饰：1. 深入学习 [脚本入门完全指南](/教程资料/专题研究/创游世界脚本入门完全指南),建议改成更具体、更可验证的资料表述。
INFO,ai-tone,docs/教程资料/创游世界快速上手清单.md,191,疑似 AI 味或过强修饰：2. 学习 [变量与作用域](/核心研究/创游世界变量与作用域完全指南),建议改成更具体、更可验证的资料表述。
INFO,ai-tone,docs/教程资料/创游世界快速上手清单.md,192,疑似 AI 味或过强修饰：3. 学习 [广播机制](/核心研究/创游世界广播机制完全指南),建议改成更具体、更可验证的资料表述。
INFO,ai-tone,docs/教程资料/创游世界快速上手清单.md,235,疑似 AI 味或过强修饰：- [新手避坑完全指南](/教程资料/创游世界新手避坑完全指南),建议改成更具体、更可验证的资料表述。
INFO,ai-tone,docs/教程资料/创游世界联机基础实战教程.md,52,疑似 AI 味或过强修饰：- **房主**：房间的创建者，通常负责某些核心逻辑的裁决,建议改成更具体、更可验证的资料表述。
INFO,ai-tone,docs/教程资料/创游世界联机基础实战教程.md,243,疑似 AI 味或过强修饰：- [创游世界联机系统完全指南](/核心研究/创游世界联机系统完全指南.md) - 联机系统完整技术文档,建议改成更具体、更可验证的资料表述。
INFO,ai-tone,docs/教程资料/创游世界联机基础实战教程.md,247,疑似 AI 味或过强修饰：- [创游世界广播机制完全指南](/核心研究/创游世界广播机制完全指南.md) - 联机中的广播使用,建议改成更具体、更可验证的资料表述。
INFO,ai-tone,docs/教程资料/创游世界碰撞检测速查卡.md,184,疑似 AI 味或过强修饰：- [创游世界物理与碰撞系统完全指南](/核心研究/创游世界物理与碰撞系统完全指南),建议改成更具体、更可验证的资料表述。
INFO,ai-tone,docs/教程资料/创游世界商店系统速查卡.md,375,疑似 AI 味或过强修饰：&gt; 📝 **说明**：商店系统核心逻辑已稳定，具体参数属于进阶内容。,建议改成更具体、更可验证的资料表述。
INFO,ai-tone,docs/教程资料/创游世界数据类型速查卡.md,346,疑似 AI 味或过强修饰：- [创游世界数据类型完全指南](/核心研究/创游世界数据类型完全指南.md) - 完整数据类型文档,建议改成更具体、更可验证的资料表述。
INFO,ai-tone,docs/教程资料/创游世界数据类型速查卡.md,347,疑似 AI 味或过强修饰：- [创游世界变量与作用域完全指南](/核心研究/创游世界变量与作用域完全指南.md) - 变量系统详解,建议改成更具体、更可验证的资料表述。
INFO,ai-tone,docs/教程资料/创游世界数据类型速查卡.md,348,疑似 AI 味或过强修饰：- [创游世界脚本入门完全指南](/教程资料/专题研究/创游世界脚本入门完全指南.md) - 脚本入门,建议改成更具体、更可验证的资料表述。
INFO,ai-tone,docs/教程资料/创游世界项目开发流程指南.md,480,疑似 AI 味或过强修饰：- [创游世界新手避坑完全指南](./创游世界新手避坑完全指南.md),建议改成更具体、更可验证的资料表述。
INFO,title-tone,docs/教程资料/创游世界新手避坑完全指南.md,1,标题可能偏营销化或 AI 味：创游世界新手避坑完全指南,资料库标题建议更克制，例如“机制整理”“入门说明”“资料索引”“问题速查”。
INFO,heading-tone,docs/教程资料/创游世界新手避坑完全指南.md,2,标题可能偏 AI 味或营销化：创游世界新手避坑完全指南,资料站标题建议更像资料索引，不要过度使用“完全指南、终极、最强”。
INFO,ai-tone,docs/教程资料/创游世界新手避坑完全指南.md,162,疑似 AI 味或过强修饰：> 📚 相关阅读：[创游世界变量与作用域完全指南](../核心研究/创游世界变量与作用域完全指南.md) - 变量详解,建议改成更具体、更可验证的资料表述。
INFO,ai-tone,docs/教程资料/创游世界新手避坑完全指南.md,354,疑似 AI 味或过强修饰：> 📚 相关阅读：[创游世界组件系统完全指南](./专题研究/创游世界组件系统完全指南.md) - 组件系统详解,建议改成更具体、更可验证的资料表述。
INFO,ai-tone,docs/教程资料/创游世界新手避坑完全指南.md,374,疑似 AI 味或过强修饰：> 📚 相关阅读：[创游世界变量与作用域完全指南](../核心研究/创游世界变量与作用域完全指南.md) - 变量详解,建议改成更具体、更可验证的资料表述。
INFO,ai-tone,docs/教程资料/创游世界新手避坑完全指南.md,418,疑似 AI 味或过强修饰：> 📚 相关阅读：[创游世界数据类型完全指南](../核心研究/创游世界数据类型完全指南.md) - 数据类型详解,建议改成更具体、更可验证的资料表述。
INFO,ai-tone,docs/教程资料/创游世界新手避坑完全指南.md,641,疑似 AI 味或过强修饰：> 📚 相关阅读：[创游世界数据类型完全指南](../核心研究/创游世界数据类型完全指南.md) - 数据类型详解,建议改成更具体、更可验证的资料表述。
INFO,version-evidence,docs/教程资料/创游世界新手避坑完全指南.md,672,提到版本号但附近没有来源提示：| UI卡顿 | 旧版UI逻辑 | 升级到4.52.54+ |,版本相关内容最好补充引擎更新截图、OCR 或资料来源。
INFO,ai-tone,docs/教程资料/创游世界新手避坑完全指南.md,726,疑似 AI 味或过强修饰：- [创游世界变量与作用域完全指南](../核心研究/创游世界变量与作用域完全指南.md) - 变量详解,建议改成更具体、更可验证的资料表述。
INFO,ai-tone,docs/教程资料/创游世界新手避坑完全指南.md,727,疑似 AI 味或过强修饰：- [创游世界数据类型完全指南](../核心研究/创游世界数据类型完全指南.md) - 数据类型详解,建议改成更具体、更可验证的资料表述。
INFO,ai-tone,docs/教程资料/创游世界新手常见问题汇总.md,156,疑似 AI 味或过强修饰：> 📚 相关阅读：[创游世界组件系统完全指南](./专题研究/创游世界组件系统完全指南.md),建议改成更具体、更可验证的资料表述。
INFO,ai-tone,docs/教程资料/创游世界新手常见问题汇总.md,208,疑似 AI 味或过强修饰：> 📚 相关阅读：[创游世界脚本入门完全指南](./专题研究/创游世界脚本入门完全指南.md),建议改成更具体、更可验证的资料表述。
INFO,ai-tone,docs/教程资料/创游世界新手常见问题汇总.md,581,疑似 AI 味或过强修饰：> 📚 相关阅读：[创游世界动画与动效系统完全指南](./专题研究/创游世界动画与动效系统完全指南.md),建议改成更具体、更可验证的资料表述。
INFO,ai-tone,docs/教程资料/创游世界新手常见问题汇总.md,701,疑似 AI 味或过强修饰：- [创游世界新手避坑完全指南](../教程资料/创游世界新手避坑完全指南.md) - 避坑指南,建议改成更具体、更可验证的资料表述。
INFO,ai-tone,docs/教程资料/创游世界新手常见问题速查.md,252,疑似 AI 味或过强修饰：- [创游世界新手避坑完全指南](./创游世界新手避坑完全指南.md) - 避坑指南,建议改成更具体、更可验证的资料表述。
INFO,ai-tone,docs/教程资料/创游世界新手脚本入门教程.md,94,疑似 AI 味或过强修饰：> 📚 相关阅读：[创游世界触发时机完全指南](../脚本系统/专题研究/创游世界触发时机完全指南.md) - 触发时机详解,建议改成更具体、更可验证的资料表述。
INFO,ai-tone,docs/教程资料/创游世界新手脚本入门教程.md,187,疑似 AI 味或过强修饰：> 📚 相关阅读：[创游世界变量与作用域完全指南](../核心研究/创游世界变量与作用域完全指南.md) - 变量详解,建议改成更具体、更可验证的资料表述。
INFO,ai-tone,docs/教程资料/创游世界新手脚本入门教程.md,339,疑似 AI 味或过强修饰：> 📚 相关阅读：[创游世界新手避坑完全指南](./创游世界新手避坑完全指南.md) - 避坑指南,建议改成更具体、更可验证的资料表述。
INFO,ai-tone,docs/教程资料/创游世界新手脚本入门教程.md,350,疑似 AI 味或过强修饰：| 组件深入 | [创游世界组件系统完全指南](./专题研究/创游世界组件系统完全指南.md) |,建议改成更具体、更可验证的资料表述。
INFO,ai-tone,docs/教程资料/创游世界新手脚本入门教程.md,351,疑似 AI 味或过强修饰：| 广播进阶 | [创游世界广播机制完全指南](../脚本系统/专题研究/创游世界广播机制完全指南.md) |,建议改成更具体、更可验证的资料表述。
INFO,ai-tone,docs/教程资料/创游世界新手脚本入门教程.md,381,疑似 AI 味或过强修饰：- [创游世界触发时机完全指南](../脚本系统/专题研究/创游世界触发时机完全指南.md) - 触发时机详解,建议改成更具体、更可验证的资料表述。
INFO,ai-tone,docs/教程资料/创游世界新手快速入门清单.md,280,疑似 AI 味或过强修饰：| 深入脚本 | [创游世界脚本入门完全指南](./专题研究/创游世界脚本入门完全指南.md) |,建议改成更具体、更可验证的资料表述。
INFO,ai-tone,docs/教程资料/创游世界新手快速入门清单.md,281,疑似 AI 味或过强修饰：| 理解变量 | [创游世界变量完全指南](./专题研究/创游世界变量完全指南.md) |,建议改成更具体、更可验证的资料表述。
INFO,ai-tone,docs/教程资料/创游世界新手问题快速索引.md,82,疑似 AI 味或过强修饰：| 广播可以跨地图吗？ | 默认不行，只能当前地图 | [广播机制完全指南](./专题研究/广播机制完全指南.md) |,建议改成更具体、更可验证的资料表述。
INFO,ai-tone,docs/教程资料/创游世界新手问题快速索引.md,94,疑似 AI 味或过强修饰：| 数据应该放哪？ | 临时计算→局部变量，对象状态→自身属性，地图共享→地图属性，存档→玩家变量 | [创游世界变量与作用域完全指南](../核心研究/创游世界变量与作用域完全指南.md) |,建议改成更具体、更可验证的资料表述。
INFO,ai-tone,docs/教程资料/创游世界新手问题快速索引.md,240,疑似 AI 味或过强修饰：- [创游世界新手避坑完全指南](./创游世界新手避坑完全指南.md) - 避坑指南,建议改成更具体、更可验证的资料表述。
INFO,ai-tone,docs/教程资料/创游世界游戏测试与质量保障指南.md,30,疑似 AI 味或过强修饰：3. **不同设备都要测**：移动端设备差异大，兼容性测试非常重要,建议改成更具体、更可验证的资料表述。
INFO,ai-tone,docs/教程资料/创游世界游戏开发完整入门指南.md,407,疑似 AI 味或过强修饰：- [创游世界组件系统完全指南](./专题研究/创游世界组件系统完全指南.md) - 深入了解组件系统,建议改成更具体、更可验证的资料表述。
INFO,ai-tone,docs/教程资料/创游世界游戏开发完整入门指南.md,418,疑似 AI 味或过强修饰：- [创游世界变量与作用域完全指南](../核心研究/创游世界变量与作用域完全指南.md) - 变量系统详解,建议改成更具体、更可验证的资料表述。
INFO,ai-tone,docs/教程资料/创游世界游戏开发完整入门指南.md,419,疑似 AI 味或过强修饰：- [创游世界广播机制完全指南](../核心研究/创游世界广播机制完全指南.md) - 广播机制详解,建议改成更具体、更可验证的资料表述。
INFO,ai-tone,docs/教程资料/创游世界战斗系统速查卡.md,468,疑似 AI 味或过强修饰：- [创游世界物理与碰撞系统完全指南](../核心研究/创游世界物理与碰撞系统完全指南.md) - 物理与碰撞,建议改成更具体、更可验证的资料表述。
INFO,ai-tone,docs/教程资料/创游世界组件速查卡.md,330,疑似 AI 味或过强修饰：- [创游世界组件系统完全指南](/教程资料/专题研究/创游世界组件系统完全指南.md) - 组件系统详解,建议改成更具体、更可验证的资料表述。
INFO,ai-tone,docs/教程资料/创游世界组件速查卡.md,331,疑似 AI 味或过强修饰：- [创游世界自定义组件完全指南](/脚本系统/专题研究/创游世界自定义组件完全指南.md) - 自定义组件,建议改成更具体、更可验证的资料表述。
INFO,ai-tone,docs/教程资料/创游世界组件组合与实战应用.md,520,疑似 AI 味或过强修饰：- [创游世界组件系统完全指南](./专题研究/创游世界组件系统完全指南.md) - 组件系统详解,建议改成更具体、更可验证的资料表述。
INFO,version-evidence,docs/教程资料/创游世界FAQ精华本.md,182,提到版本号但附近没有来源提示：| 音效 | 10秒内（4.54.0前）/ 30秒（4.54.0后）| 30个 | 短促反馈音 |,版本相关内容最好补充引擎更新截图、OCR 或资料来源。
INFO,version-evidence,docs/教程资料/创游世界FAQ精华本.md,344,提到版本号但附近没有来源提示：| 单步执行 | 使用逐行 Debug（4.40.17+）查看执行流程 |,版本相关内容最好补充引擎更新截图、OCR 或资料来源。
INFO,ai-tone,docs/教程资料/创游世界FAQ精华本.md,519,疑似 AI 味或过强修饰：**A：** 4.52.54 版本后，每个玩家只运行自己的 UI 逻辑，显著提升了：,建议改成更具体、更可验证的资料表述。
INFO,ai-tone,docs/教程资料/官方教程知识索引.md,770,疑似 AI 味或过强修饰：- 这对后续整理知识库非常重要，因为可以按“定义 / 问题 / 方案”三层结构组织。,建议改成更具体、更可验证的资料表述。
INFO,ai-tone,docs/教程资料/教程资料导航.md,75,疑似 AI 味或过强修饰：| [创游世界变量完全指南](/教程资料/创游世界变量完全指南) | 变量系统入门指南 | 入门 |,建议改成更具体、更可验证的资料表述。
INFO,ai-tone,docs/教程资料/教程资料导航.md,76,疑似 AI 味或过强修饰：| [创游世界广播完全指南](/教程资料/创游世界广播完全指南) | 广播机制入门指南 | 入门 |,建议改成更具体、更可验证的资料表述。
INFO,ai-tone,docs/教程资料/教程资料导航.md,77,疑似 AI 味或过强修饰：| [创游世界快速入门完全指南](/教程资料/创游世界快速入门完全指南) | 零基础快速入门完全指南 | 入门 |,建议改成更具体、更可验证的资料表述。
INFO,ai-tone,docs/教程资料/教程资料导航.md,102,疑似 AI 味或过强修饰：| [创游世界新手避坑完全指南](/教程资料/创游世界新手避坑完全指南) | 新手最容易踩的坑整理 | 入门 |,建议改成更具体、更可验证的资料表述。
INFO,ai-tone,docs/教程资料/教程资料导航.md,112,疑似 AI 味或过强修饰：| [创游世界脚本入门完全指南](/教程资料/专题研究/创游世界脚本入门完全指南) | 零基础脚本入门 | 入门 |,建议改成更具体、更可验证的资料表述。
INFO,ai-tone,docs/教程资料/教程资料导航.md,113,疑似 AI 味或过强修饰：| [创游世界组件系统完全指南](/教程资料/专题研究/创游世界组件系统完全指南) | 组件系统完全指南 | 入门 |,建议改成更具体、更可验证的资料表述。
INFO,ai-tone,docs/教程资料/教程资料导航.md,125,疑似 AI 味或过强修饰：| [创游世界动画与动效系统完全指南](/教程资料/专题研究/创游世界动画与动效系统完全指南) | 动画与动效系统 | 入门/进阶 |,建议改成更具体、更可验证的资料表述。
INFO,title-tone,docs/教程资料/专题研究/创游世界变量完全指南.md,1,标题可能偏营销化或 AI 味：创游世界变量完全指南,资料库标题建议更克制，例如“机制整理”“入门说明”“资料索引”“问题速查”。
INFO,heading-tone,docs/教程资料/专题研究/创游世界变量完全指南.md,2,标题可能偏 AI 味或营销化：创游世界变量完全指南,资料站标题建议更像资料索引，不要过度使用“完全指南、终极、最强”。
INFO,ai-tone,docs/教程资料/专题研究/创游世界变量完全指南.md,295,疑似 AI 味或过强修饰：- [创游世界变量与作用域完全指南](/核心研究/创游世界变量与作用域完全指南.md) - 变量进阶,建议改成更具体、更可验证的资料表述。
INFO,ai-tone,docs/教程资料/专题研究/创游世界变量完全指南.md,298,疑似 AI 味或过强修饰：- [创游世界广播机制完全指南](/核心研究/创游世界广播机制完全指南.md) - 数据传递,建议改成更具体、更可验证的资料表述。
INFO,ai-tone,docs/教程资料/专题研究/创游世界道具与物体交互系统指南.md,369,疑似 AI 味或过强修饰：- [创游世界物理与碰撞系统完全指南](/核心研究/创游世界物理与碰撞系统完全指南.md) - 物理与碰撞,建议改成更具体、更可验证的资料表述。
INFO,ai-tone,docs/教程资料/专题研究/创游世界道具与物体交互系统指南.md,370,疑似 AI 味或过强修饰：- [创游世界广播机制完全指南](/核心研究/创游世界广播机制完全指南.md) - 广播机制,建议改成更具体、更可验证的资料表述。
INFO,ai-tone,docs/教程资料/专题研究/创游世界道具与物体交互系统指南.md,371,疑似 AI 味或过强修饰：- [创游世界脚本入门完全指南](/教程资料/专题研究/创游世界脚本入门完全指南.md) - 脚本入门,建议改成更具体、更可验证的资料表述。
INFO,ai-tone,docs/教程资料/专题研究/创游世界道具与物体交互系统指南.md,373,疑似 AI 味或过强修饰：- [创游世界新手避坑完全指南](/教程资料/创游世界新手避坑完全指南.md) - 新手避坑,建议改成更具体、更可验证的资料表述。
INFO,title-tone,docs/教程资料/专题研究/创游世界动画与动效系统完全指南.md,1,标题可能偏营销化或 AI 味：创游世界动画与动效系统完全指南,资料库标题建议更克制，例如“机制整理”“入门说明”“资料索引”“问题速查”。
INFO,heading-tone,docs/教程资料/专题研究/创游世界动画与动效系统完全指南.md,2,标题可能偏 AI 味或营销化：创游世界动画与动效系统完全指南,资料站标题建议更像资料索引，不要过度使用“完全指南、终极、最强”。
INFO,ai-tone,docs/教程资料/专题研究/创游世界动画与动效系统完全指南.md,335,疑似 AI 味或过强修饰：- [创游世界组件系统完全指南](./创游世界组件系统完全指南.md) - 组件系统,建议改成更具体、更可验证的资料表述。
INFO,ai-tone,docs/教程资料/专题研究/创游世界动画与动效系统完全指南.md,363,疑似 AI 味或过强修饰：- `创游世界动画与动效系统完全指南.md` ✅（updated: 2026-06-10）,建议改成更具体、更可验证的资料表述。
INFO,ai-tone,docs/教程资料/专题研究/创游世界对象_素材_组件_脚本关系总图.md,319,疑似 AI 味或过强修饰：这就是为什么建立“关系总图”非常重要。,建议改成更具体、更可验证的资料表述。
INFO,title-tone,docs/教程资料/专题研究/创游世界脚本入门完全指南.md,1,标题可能偏营销化或 AI 味：创游世界脚本入门完全指南,资料库标题建议更克制，例如“机制整理”“入门说明”“资料索引”“问题速查”。
INFO,heading-tone,docs/教程资料/专题研究/创游世界脚本入门完全指南.md,1,标题可能偏 AI 味或营销化：创游世界脚本入门完全指南,资料站标题建议更像资料索引，不要过度使用“完全指南、终极、最强”。
INFO,ai-tone,docs/教程资料/专题研究/创游世界学习路线图.md,102,疑似 AI 味或过强修饰：| [创游世界组件系统完全指南](./创游世界组件系统完全指南.md) | 组件系统完全指南 |,建议改成更具体、更可验证的资料表述。
INFO,ai-tone,docs/教程资料/专题研究/创游世界学习路线图.md,143,疑似 AI 味或过强修饰：| [创游世界触发时机完全指南](../脚本系统/专题研究/创游世界触发时机完全指南.md) | 触发时机详解 |,建议改成更具体、更可验证的资料表述。
INFO,ai-tone,docs/教程资料/专题研究/创游世界学习路线图.md,144,疑似 AI 味或过强修饰：| [创游世界变量与作用域完全指南](../核心研究/创游世界变量与作用域完全指南.md) | 变量详解 |,建议改成更具体、更可验证的资料表述。
INFO,ai-tone,docs/教程资料/专题研究/创游世界学习路线图.md,145,疑似 AI 味或过强修饰：| [创游世界数据类型完全指南](../核心研究/创游世界数据类型完全指南.md) | 数据类型详解 |,建议改成更具体、更可验证的资料表述。
INFO,ai-tone,docs/教程资料/专题研究/创游世界学习路线图.md,264,疑似 AI 味或过强修饰：> 📚 相关阅读：[创游世界新手避坑完全指南](./创游世界新手避坑完全指南.md) - 版本兼容避坑,建议改成更具体、更可验证的资料表述。
INFO,ai-tone,docs/教程资料/专题研究/创游世界学习路线图.md,349,疑似 AI 味或过强修饰：- [创游世界变量与作用域完全指南](../核心研究/创游世界变量与作用域完全指南.md) - 变量详解,建议改成更具体、更可验证的资料表述。
INFO,ai-tone,docs/教程资料/专题研究/创游世界学习路线图.md,350,疑似 AI 味或过强修饰：- [创游世界数据类型完全指南](../核心研究/创游世界数据类型完全指南.md) - 数据类型详解,建议改成更具体、更可验证的资料表述。
INFO,ai-tone,docs/教程资料/专题研究/创游世界学习路线图.md,357,疑似 AI 味或过强修饰：- [创游世界新手避坑完全指南](./创游世界新手避坑完全指南.md) - 避坑指南,建议改成更具体、更可验证的资料表述。
INFO,title-tone,docs/教程资料/专题研究/创游世界组件系统完全指南.md,1,标题可能偏营销化或 AI 味：创游世界组件系统完全指南,资料库标题建议更克制，例如“机制整理”“入门说明”“资料索引”“问题速查”。
INFO,heading-tone,docs/教程资料/专题研究/创游世界组件系统完全指南.md,2,标题可能偏 AI 味或营销化：创游世界组件系统完全指南,资料站标题建议更像资料索引，不要过度使用“完全指南、终极、最强”。
INFO,ai-tone,docs/教程资料/专题研究/广播机制深度解析.md,171,疑似 AI 味或过强修饰：> 📚 相关阅读：[创游世界新手避坑完全指南](../创游世界新手避坑完全指南.md) - UI设计避坑,建议改成更具体、更可验证的资料表述。
INFO,ai-tone,docs/教程资料/专题研究/广播机制深度解析.md,174,疑似 AI 味或过强修饰：> 📚 相关阅读：[创游世界变量与作用域完全指南](../核心研究/创游世界变量与作用域完全指南.md) - 变量详解,建议改成更具体、更可验证的资料表述。
INFO,ai-tone,docs/教程资料/专题研究/广播机制深度解析.md,186,疑似 AI 味或过强修饰：从设计角度看，这非常重要：,建议改成更具体、更可验证的资料表述。
INFO,ai-tone,docs/教程资料/专题研究/广播机制深度解析.md,310,疑似 AI 味或过强修饰：- [创游世界变量与作用域完全指南](../核心研究/创游世界变量与作用域完全指南.md) - 变量详解,建议改成更具体、更可验证的资料表述。
INFO,ai-tone,docs/教程资料/专题研究/广播机制深度解析.md,316,疑似 AI 味或过强修饰：- [创游世界新手避坑完全指南](../创游世界新手避坑完全指南.md) - 避坑指南,建议改成更具体、更可验证的资料表述。
INFO,ai-tone,docs/教程资料/专题研究/UI系统与切换机制解析.md,97,疑似 AI 味或过强修饰：> 📚 相关阅读：[创游世界组件系统完全指南](./创游世界组件系统完全指南.md) - 组件系统详解,建议改成更具体、更可验证的资料表述。
INFO,ai-tone,docs/教程资料/专题研究/UI系统与切换机制解析.md,100,疑似 AI 味或过强修饰：> 📚 相关阅读：[创游世界新手避坑完全指南](../创游世界新手避坑完全指南.md) - 组件避坑,建议改成更具体、更可验证的资料表述。
INFO,ai-tone,docs/教程资料/专题研究/UI系统与切换机制解析.md,241,疑似 AI 味或过强修饰：> 📚 相关阅读：[创游世界变量与作用域完全指南](../核心研究/创游世界变量与作用域完全指南.md) - 变量详解,建议改成更具体、更可验证的资料表述。
INFO,ai-tone,docs/教程资料/专题研究/UI系统与切换机制解析.md,256,疑似 AI 味或过强修饰：- [创游世界变量与作用域完全指南](../核心研究/创游世界变量与作用域完全指南.md) - 变量详解,建议改成更具体、更可验证的资料表述。
INFO,ai-tone,docs/教程资料/专题研究/UI系统与切换机制解析.md,264,疑似 AI 味或过强修饰：- [创游世界新手避坑完全指南](../创游世界新手避坑完全指南.md) - 避坑指南,建议改成更具体、更可验证的资料表述。
INFO,punctuation,docs/教程资料/B站创游世界视频资源清单.md,84,中文句子里夹杂英文标点：- 标题：`创游世界:新手必看教程之生成格子UI脚本`,中文正文建议统一使用中文标点；代码、路径、URL 除外。
INFO,ai-tone,docs/教程资料/B站创游世界视频资源清单.md,97,疑似 AI 味或过强修饰：> 这 10 条不是“最全”，而是当前更适合拿来 **建立学习主线** 的优先清单。,建议改成更具体、更可验证的资料表述。
INFO,punctuation,docs/教程资料/B站创游世界视频资源清单.md,196,"中文句子里夹杂英文标点：- 标题：`什么?你刚玩创游,不会做开始界面?我教你![创游世界教程][第二期]`",中文正文建议统一使用中文标点；代码、路径、URL 除外。
INFO,punctuation,docs/教程资料/B站创游世界视频资源清单.md,253,中文句子里夹杂英文标点：- 标题：`怎么用全局变量做饱食度?我教你!(创游世界脚本教程)[第一期]`,中文正文建议统一使用中文标点；代码、路径、URL 除外。
INFO,punctuation,docs/教程资料/B站创游世界视频资源清单.md,267,中文句子里夹杂英文标点：- 标题：`[创游世界]超详细基础脚本教学!跑步脚本!`,中文正文建议统一使用中文标点；代码、路径、URL 除外。
INFO,punctuation,docs/教程资料/B站创游世界视频资源清单.md,280,中文句子里夹杂英文标点：- 标题：`[创游世界]超详细基础脚本教学!闪避脚本!`,中文正文建议统一使用中文标点；代码、路径、URL 除外。
INFO,punctuation,docs/教程资料/B站创游世界视频资源清单.md,291,"中文句子里夹杂英文标点：- 标题：`创游小课堂,脚本教程第二期:换弹`",中文正文建议统一使用中文标点；代码、路径、URL 除外。
INFO,punctuation,docs/教程资料/B站创游世界视频资源清单.md,370,中文句子里夹杂英文标点：- 标题：`创游教程:角色和操作UI(基础了解)`,中文正文建议统一使用中文标点；代码、路径、URL 除外。
INFO,punctuation,docs/教程资料/B站创游世界视频资源清单.md,417,中文句子里夹杂英文标点：- 标题：`创游世界:新手必看教程之生成格子UI脚本`,中文正文建议统一使用中文标点；代码、路径、URL 除外。
INFO,punctuation,docs/教程资料/B站创游世界视频资源清单.md,440,中文句子里夹杂英文标点：- 标题：`创游世界!回血UI脚本教程!`,中文正文建议统一使用中文标点；代码、路径、URL 除外。
INFO,punctuation,docs/教程资料/B站创游世界视频资源清单.md,478,中文句子里夹杂英文标点：- 标题：`创游世界:自定义组件:教程4`,中文正文建议统一使用中文标点；代码、路径、URL 除外。
INFO,punctuation,docs/教程资料/B站创游世界视频资源清单.md,584,"中文句子里夹杂英文标点：- 标题：`创游世界,血条减少特效,渐变效果教程,新手教程,简单易做`",中文正文建议统一使用中文标点；代码、路径、URL 除外。
INFO,punctuation,docs/教程资料/B站创游世界视频资源清单.md,621,"中文句子里夹杂英文标点：3. `什么?你刚玩创游,不会做开始界面?我教你!`",中文正文建议统一使用中文标点；代码、路径、URL 除外。
INFO,punctuation,docs/教程资料/B站创游世界视频资源清单.md,623,中文句子里夹杂英文标点：5. `创游教程:角色和操作UI(基础了解)`,中文正文建议统一使用中文标点；代码、路径、URL 除外。
INFO,punctuation,docs/教程资料/B站创游世界视频资源清单.md,628,中文句子里夹杂英文标点：3. `怎么用全局变量做饱食度?我教你!`,中文正文建议统一使用中文标点；代码、路径、URL 除外。
INFO,punctuation,docs/教程资料/B站创游世界视频资源清单.md,633,中文句子里夹杂英文标点：1. `创游教程:角色和操作UI(基础了解)`,中文正文建议统一使用中文标点；代码、路径、URL 除外。
INFO,ai-tone,docs/教程资料/B站创游世界视频资源研究.md,479,疑似 AI 味或过强修饰：如果你真想“深入研究创游世界”，而不是只收集资料，推荐这样做：,建议改成更具体、更可验证的资料表述。
INFO,heading-tone,docs/社区分析/待验证问题清单.md,82,标题可能偏 AI 味或营销化：P0：优先级最高，补完后能显著提升全库可信度,资料站标题建议更像资料索引，不要过度使用“完全指南、终极、最强”。
INFO,ai-tone,docs/社区分析/专题研究/创游 3.x 与 4.x 可观察性差异.md,29,疑似 AI 味或过强修饰：| UI 联机性能 | 旧版本限制 20 帧 | 4.52.54+ 显著提升 |,建议改成更具体、更可验证的资料表述。
INFO,ai-tone,docs/社区分析/专题研究/创游 3.x 与 4.x 可观察性差异.md,65,疑似 AI 味或过强修饰：4.52.54 版本后，显著提升了：,建议改成更具体、更可验证的资料表述。
INFO,ai-tone,docs/维护与报告/创游世界知识库文档格式规范.md,55,疑似 AI 味或过强修饰：| `title` | ✅ | 文档标题，会显示在浏览器标签和页面顶部 | 创游世界广播机制完全指南 |,建议改成更具体、更可验证的资料表述。
INFO,ai-tone,docs/维护与报告/错误点与优化点汇总.md,53,"疑似 AI 味或过强修饰：- `[已确认]` `docs/元信息/创游世界资料库深入研究报告.md` 与 `docs/元信息/知识库文档状态总表.md` 中曾写有""已修正为 2025""之类描述",建议改成更具体、更可验证的资料表述。
INFO,ai-tone,docs/维护与报告/内容质量审计清单.md,41,疑似 AI 味或过强修饰：| 核心研究/联机相关 | 多个联机指南可能重复 | 建立联机系统阅读导航，明确入门、完全指南、速查卡关系 | 待处理 |,建议改成更具体、更可验证的资料表述。
INFO,ai-tone,docs/维护与报告/维护与报告导航.md,7,疑似 AI 味或过强修饰：1. `docs/元信息/创游世界资料库深入研究报告.md`,建议改成更具体、更可验证的资料表述。
INFO,ai-tone,docs/维护与报告/维护与报告导航.md,46,疑似 AI 味或过强修饰：- `docs/元信息/创游世界资料库深入研究报告.md`,建议改成更具体、更可验证的资料表述。
INFO,ai-tone,docs/维护与报告/维护与报告导航.md,67,疑似 AI 味或过强修饰：- `[高可信推断]` 如果后续要做网页端，这一组治理文档会非常重要，因为它们能直接转化成站点结构规则与内容模型规则。,建议改成更具体、更可验证的资料表述。
INFO,version-evidence,docs/维护与报告/站点部署与运维方案.md,7,提到版本号但附近没有来源提示：- **静态站点生成器**：VitePress 2.0.0-alpha.17,版本相关内容最好补充引擎更新截图、OCR 或资料来源。
INFO,version-evidence,docs/维护与报告/站点部署与运维方案.md,17,提到版本号但附近没有来源提示：- Node.js >= 18.0.0,版本相关内容最好补充引擎更新截图、OCR 或资料来源。
INFO,version-evidence,docs/维护与报告/站点部署与运维方案.md,18,提到版本号但附近没有来源提示：- pnpm >= 8.0.0,版本相关内容最好补充引擎更新截图、OCR 或资料来源。
INFO,version-evidence,docs/维护与报告/站点部署与运维方案.md,19,提到版本号但附近没有来源提示：- Git >= 2.30.0,版本相关内容最好补充引擎更新截图、OCR 或资料来源。
INFO,ai-tone,docs/维护与报告/知识库结构与维护指南.md,56,疑似 AI 味或过强修饰：- [创游世界脚本入门完全指南](./专题研究/创游世界脚本入门完全指南.md) - 零基础脚本入门,建议改成更具体、更可验证的资料表述。
INFO,ai-tone,docs/维护与报告/知识库结构与维护指南.md,57,疑似 AI 味或过强修饰：- [创游世界组件系统完全指南](./专题研究/创游世界组件系统完全指南.md) - 组件系统完全指南,建议改成更具体、更可验证的资料表述。
INFO,ai-tone,docs/维护与报告/知识库结构与维护指南.md,78,疑似 AI 味或过强修饰：- [创游世界脚本入门完全指南](./专题研究/创游世界脚本入门完全指南.md) - 脚本入门完全指南,建议改成更具体、更可验证的资料表述。
INFO,ai-tone,docs/维护与报告/知识库结构与维护指南.md,116,疑似 AI 味或过强修饰：- [创游世界数据类型完全指南](./创游世界数据类型完全指南.md) - 数据类型详解,建议改成更具体、更可验证的资料表述。
INFO,ai-tone,docs/维护与报告/知识库结构与维护指南.md,117,疑似 AI 味或过强修饰：- [创游世界变量与作用域完全指南](./创游世界变量与作用域完全指南.md) - 变量作用域详解,建议改成更具体、更可验证的资料表述。
INFO,ai-tone,docs/维护与报告/知识库结构与维护指南.md,120,疑似 AI 味或过强修饰：- [创游世界广播机制完全指南](./教程资料/创游世界广播机制完全指南.md) - 广播机制完整指南,建议改成更具体、更可验证的资料表述。
INFO,ai-tone,docs/维护与报告/知识库结构与维护指南.md,253,疑似 AI 味或过强修饰：- [创游世界资料库深入研究报告](./创游世界资料库深入研究报告.md) - 深入研究报告,建议改成更具体、更可验证的资料表述。
INFO,ai-tone,docs/维护与报告/知识库结构与维护指南.md,268,疑似 AI 味或过强修饰：5. **统一格式**：使用 `-` 分隔多词，例如 `创游世界脚本入门完全指南.md`,建议改成更具体、更可验证的资料表述。
INFO,ai-tone,docs/维护与报告/知识库结构与维护指南.md,274,疑似 AI 味或过强修饰：| `创游世界脚本入门完全指南.md` | `脚本入门.md` | 主题不够明确 |,建议改成更具体、更可验证的资料表述。
INFO,ai-tone,docs/维护与报告/知识库结构与维护指南.md,319,疑似 AI 味或过强修饰：| 研究向 | 适合深入研究 |,建议改成更具体、更可验证的资料表述。
INFO,ai-tone,docs/维护与报告/AI自动维护复盘记录.md,12,疑似 AI 味或过强修饰：1. **规范化脚本系统、教程资料类文档关联阅读** - 清理脚本系统导航的重复维护报告入口，清理新手脚本入门教程、广播完全指南的待验证和后续优化方向段落,建议改成更具体、更可验证的资料表述。
INFO,ai-tone,docs/维护与报告/AI自动维护复盘记录.md,20,疑似 AI 味或过强修饰：| `教程资料/创游世界广播完全指南.md` | 修改 | 清理待验证问题段落 |,建议改成更具体、更可验证的资料表述。
INFO,ai-tone,docs/维护与报告/AI自动维护复盘记录.md,44,疑似 AI 味或过强修饰：3. **创游世界广播完全指南**（教程资料）,建议改成更具体、更可验证的资料表述。
INFO,ai-tone,docs/维护与报告/AI自动维护复盘记录.md,51,疑似 AI 味或过强修饰：- 新手脚本入门教程和广播完全指南包含大量待验证问题，但日常开发中的基础用法已稳定,建议改成更具体、更可验证的资料表述。
INFO,ai-tone,docs/维护与报告/AI自动维护复盘记录.md,68,疑似 AI 味或过强修饰：1. **规范化核心研究类文档关联阅读** - 补充广播机制完全指南、数据分层模型、数据存储选择指南、组件能力速查手册、最小练习项目完全指南等文档的维护报告关联阅读,建议改成更具体、更可验证的资料表述。
INFO,ai-tone,docs/维护与报告/AI自动维护复盘记录.md,74,疑似 AI 味或过强修饰：| `核心研究/创游世界广播机制完全指南.md` | 修改 | 补充导航入口、维护报告入口 |,建议改成更具体、更可验证的资料表述。
INFO,ai-tone,docs/维护与报告/AI自动维护复盘记录.md,78,疑似 AI 味或过强修饰：| `核心研究/创游世界最小练习项目完全指南.md` | 修改 | 补充导航入口、维护报告入口 |,建议改成更具体、更可验证的资料表述。
INFO,ai-tone,docs/维护与报告/AI自动维护复盘记录.md,93,疑似 AI 味或过强修饰：1. **创游世界广播机制完全指南**（核心研究）,建议改成更具体、更可验证的资料表述。
INFO,ai-tone,docs/维护与报告/AI自动维护复盘记录.md,113,疑似 AI 味或过强修饰：5. **创游世界最小练习项目完全指南**（核心研究）,建议改成更具体、更可验证的资料表述。
INFO,ai-tone,docs/维护与报告/AI自动维护复盘记录.md,138,疑似 AI 味或过强修饰：1. **规范化社区分析、核心研究类文档关联阅读** - 补充其他用户解析专题整理、核心概念速查手册、变量与作用域完全指南、数据类型完全指南、碰撞与物理系统入门等文档的维护报告关联阅读,建议改成更具体、更可验证的资料表述。
INFO,ai-tone,docs/维护与报告/AI自动维护复盘记录.md,146,疑似 AI 味或过强修饰：| `核心研究/创游世界变量与作用域完全指南.md` | 修改 | 补充导航入口、维护报告入口 |,建议改成更具体、更可验证的资料表述。
INFO,ai-tone,docs/维护与报告/AI自动维护复盘记录.md,147,疑似 AI 味或过强修饰：| `核心研究/创游世界数据类型完全指南.md` | 修改 | 补充导航入口、维护报告入口 |,建议改成更具体、更可验证的资料表述。
INFO,ai-tone,docs/维护与报告/AI自动维护复盘记录.md,173,疑似 AI 味或过强修饰：3. **创游世界变量与作用域完全指南**（核心研究）,建议改成更具体、更可验证的资料表述。
INFO,ai-tone,docs/维护与报告/AI自动维护复盘记录.md,178,疑似 AI 味或过强修饰：4. **创游世界数据类型完全指南**（核心研究）,建议改成更具体、更可验证的资料表述。
INFO,ai-tone,docs/维护与报告/AI自动维护复盘记录.md,284,疑似 AI 味或过强修饰：1. **规范化教程资料、核心研究、脚本系统、项目设计、元信息类文档关联阅读** - 补充教程资料导航、快速入门完全指南、核心研究导航、脚本系统导航、项目设计导航、元信息导航等文档的维护报告关联阅读,建议改成更具体、更可验证的资料表述。
INFO,ai-tone,docs/维护与报告/AI自动维护复盘记录.md,290,疑似 AI 味或过强修饰：| `教程资料/创游世界快速入门完全指南.md` | 修改 | 补充导航入口、维护报告等关联阅读，清理待验证和后续优化方向 |,建议改成更具体、更可验证的资料表述。
INFO,ai-tone,docs/维护与报告/AI自动维护复盘记录.md,310,疑似 AI 味或过强修饰：1. **创游世界快速入门完全指南**（教程资料）,建议改成更具体、更可验证的资料表述。
INFO,ai-tone,docs/维护与报告/AI自动维护复盘记录.md,440,疑似 AI 味或过强修饰：| `教程资料/创游世界新手避坑完全指南.md` | 修改 | 补充导航入口、维护报告等关联阅读，更新最后更新时间 |,建议改成更具体、更可验证的资料表述。
INFO,ai-tone,docs/维护与报告/AI自动维护复盘记录.md,469,疑似 AI 味或过强修饰：4. **创游世界新手避坑完全指南**（教程资料）,建议改成更具体、更可验证的资料表述。
INFO,ai-tone,docs/维护与报告/AI自动维护复盘记录.md,710,疑似 AI 味或过强修饰：1. **规范化教程资料类文档关联阅读** - 补充教程资料导航、新手常见问题汇总、新手避坑完全指南等文档的关联阅读,建议改成更具体、更可验证的资料表述。
INFO,ai-tone,docs/维护与报告/AI自动维护复盘记录.md,718,疑似 AI 味或过强修饰：| `创游世界新手避坑完全指南.md` | 修改 | 补充核心研究、脚本系统、项目设计、导航入口等关联阅读，替换原有的简化版关联阅读 |,建议改成更具体、更可验证的资料表述。
INFO,ai-tone,docs/维护与报告/AI自动维护复盘记录.md,745,疑似 AI 味或过强修饰：3. **创游世界新手避坑完全指南**（教程资料）,建议改成更具体、更可验证的资料表述。
INFO,ai-tone,docs/维护与报告/AI自动维护复盘记录.md,858,疑似 AI 味或过强修饰：1. **新增广播完全指南** - 创建广播机制入门文档,建议改成更具体、更可验证的资料表述。
INFO,ai-tone,docs/维护与报告/AI自动维护复盘记录.md,860,疑似 AI 味或过强修饰：3. **更新自动生成文档目录** - 添加广播完全指南入口,建议改成更具体、更可验证的资料表述。
INFO,ai-tone,docs/维护与报告/AI自动维护复盘记录.md,861,疑似 AI 味或过强修饰：4. **更新教程资料导航** - 添加广播完全指南入口,建议改成更具体、更可验证的资料表述。
INFO,ai-tone,docs/维护与报告/AI自动维护复盘记录.md,868,疑似 AI 味或过强修饰：| `创游世界广播完全指南.md` | 新增 | 新增广播机制入门文档，包含9个章节，覆盖广播基础、三种用途、基本用法、作用域、典型场景、命名规范、联机优化、常见问题排查、常见误区等内容 |,建议改成更具体、更可验证的资料表述。
INFO,ai-tone,docs/维护与报告/AI自动维护复盘记录.md,869,疑似 AI 味或过强修饰：| `脚本系统导航.md` | 修改 | 在入门系列中新增变量完全指南和广播完全指南入口 |,建议改成更具体、更可验证的资料表述。
INFO,ai-tone,docs/维护与报告/AI自动维护复盘记录.md,870,疑似 AI 味或过强修饰：| `自动生成文档目录.md` | 修改 | 在概念速查分类中新增广播完全指南入口 |,建议改成更具体、更可验证的资料表述。
INFO,ai-tone,docs/维护与报告/AI自动维护复盘记录.md,871,疑似 AI 味或过强修饰：| `教程资料导航.md` | 修改 | 在入门与实战分类中新增广播完全指南入口 |,建议改成更具体、更可验证的资料表述。
INFO,ai-tone,docs/维护与报告/AI自动维护复盘记录.md,878,疑似 AI 味或过强修饰：| `创游世界广播完全指南.md` | 新增 | 完整的广播机制入门指南，包含9个章节，从基础概念到实战案例，覆盖广播原理、三种核心用途、基本用法、作用域、典型场景、命名规范、联机优化、常见问题排查、常见误区等内容 |,建议改成更具体、更可验证的资料表述。
INFO,ai-tone,docs/维护与报告/AI自动维护复盘记录.md,884,疑似 AI 味或过强修饰：| 内容准确性 | 19/20 | 新增文档基于已有广播速查卡和广播机制完全指南归纳，准确度较高 |,建议改成更具体、更可验证的资料表述。
INFO,ai-tone,docs/维护与报告/AI自动维护复盘记录.md,893,疑似 AI 味或过强修饰：1. **新增广播完全指南**,建议改成更具体、更可验证的资料表述。
INFO,ai-tone,docs/维护与报告/AI自动维护复盘记录.md,901,疑似 AI 味或过强修饰：- 在入门系列中新增「创游世界变量完全指南」入口,建议改成更具体、更可验证的资料表述。
INFO,ai-tone,docs/维护与报告/AI自动维护复盘记录.md,902,疑似 AI 味或过强修饰：- 在入门系列中新增「创游世界广播完全指南」入口,建议改成更具体、更可验证的资料表述。
INFO,ai-tone,docs/维护与报告/AI自动维护复盘记录.md,905,疑似 AI 味或过强修饰：- 在概念速查分类中新增「创游世界广播完全指南」入口,建议改成更具体、更可验证的资料表述。
INFO,ai-tone,docs/维护与报告/AI自动维护复盘记录.md,908,疑似 AI 味或过强修饰：- 在入门与实战分类中新增「创游世界广播完全指南」入口,建议改成更具体、更可验证的资料表述。
INFO,ai-tone,docs/维护与报告/AI自动维护复盘记录.md,916,疑似 AI 味或过强修饰：- 教程资料类已有广播速查卡，适合新增广播完全指南作为进阶学习材料,建议改成更具体、更可验证的资料表述。
INFO,ai-tone,docs/维护与报告/AI自动维护复盘记录.md,917,疑似 AI 味或过强修饰：- 核心研究和脚本系统类已有广播机制完全指南，本轮新增入门级完全指南,建议改成更具体、更可验证的资料表述。
INFO,ai-tone,docs/维护与报告/AI自动维护复盘记录.md,918,疑似 AI 味或过强修饰：- 新增的广播完全指南使用更通俗的语言，适合新手入门,建议改成更具体、更可验证的资料表述。
INFO,ai-tone,docs/维护与报告/AI自动维护复盘记录.md,939,疑似 AI 味或过强修饰：1. **规范化变量完全指南导航入口** - 在多个导航文档中添加变量完全指南入口,建议改成更具体、更可验证的资料表述。
INFO,ai-tone,docs/维护与报告/AI自动维护复盘记录.md,946,疑似 AI 味或过强修饰：| `核心研究导航.md` | 修改 | 在数据、变量与作用域分类中新增变量完全指南和变量与作用域完全指南入口 |,建议改成更具体、更可验证的资料表述。
INFO,ai-tone,docs/维护与报告/AI自动维护复盘记录.md,947,疑似 AI 味或过强修饰：| `自动生成文档目录.md` | 修改 | 在概念速查分类中新增变量完全指南入口 |,建议改成更具体、更可验证的资料表述。
INFO,ai-tone,docs/维护与报告/AI自动维护复盘记录.md,948,疑似 AI 味或过强修饰：| `教程资料导航.md` | 修改 | 在入门与实战分类中新增变量完全指南入口 |,建议改成更具体、更可验证的资料表述。
INFO,ai-tone,docs/维护与报告/AI自动维护复盘记录.md,956,疑似 AI 味或过强修饰：| 新手可读性 | 19/20 | 多个导航文档同步更新，方便新手发现变量完全指南 |,建议改成更具体、更可验证的资料表述。
INFO,ai-tone,docs/维护与报告/AI自动维护复盘记录.md,965,疑似 AI 味或过强修饰：- 在数据、变量与作用域分类中新增「创游世界变量完全指南」入口,建议改成更具体、更可验证的资料表述。
INFO,ai-tone,docs/维护与报告/AI自动维护复盘记录.md,966,疑似 AI 味或过强修饰：- 在深度研究中新增「创游世界变量与作用域完全指南」入口,建议改成更具体、更可验证的资料表述。
INFO,ai-tone,docs/维护与报告/AI自动维护复盘记录.md,969,疑似 AI 味或过强修饰：- 在概念速查分类中新增「创游世界变量完全指南」入口,建议改成更具体、更可验证的资料表述。
INFO,ai-tone,docs/维护与报告/AI自动维护复盘记录.md,972,疑似 AI 味或过强修饰：- 在入门与实战分类中新增「创游世界变量完全指南」入口,建议改成更具体、更可验证的资料表述。
INFO,ai-tone,docs/维护与报告/AI自动维护复盘记录.md,980,疑似 AI 味或过强修饰：- 变量完全指南已在第56轮创建，需要在多个导航文档中同步入口,建议改成更具体、更可验证的资料表述。
INFO,ai-tone,docs/维护与报告/AI自动维护复盘记录.md,982,疑似 AI 味或过强修饰：- 教程资料导航已有入门与实战分类，适合新增变量完全指南,建议改成更具体、更可验证的资料表述。
INFO,ai-tone,docs/维护与报告/AI自动维护复盘记录.md,983,疑似 AI 味或过强修饰：- 自动生成文档目录已有概念速查分类，适合新增变量完全指南,建议改成更具体、更可验证的资料表述。
INFO,ai-tone,docs/维护与报告/AI自动维护复盘记录.md,1004,疑似 AI 味或过强修饰：1. **新增变量完全指南** - 创建变量系统入门文档,建议改成更具体、更可验证的资料表述。
INFO,ai-tone,docs/维护与报告/AI自动维护复盘记录.md,1087,疑似 AI 味或过强修饰：| `创游世界新手避坑完全指南.md` | 修改 | 替换已删除文档的链接为有效文档链接 |,建议改成更具体、更可验证的资料表述。
INFO,ai-tone,docs/维护与报告/AI自动维护复盘记录.md,1103,疑似 AI 味或过强修饰：| `创游世界编辑器界面完全指南.md` | 包含电脑端快捷键（Ctrl+S/Z/Y、F5、Ctrl+C/V等），无移动端对应证据 |,建议改成更具体、更可验证的资料表述。
INFO,ai-tone,docs/维护与报告/AI自动维护复盘记录.md,1250,疑似 AI 味或过强修饰：- 补充触发时机完全指南的截图证据,建议改成更具体、更可验证的资料表述。
INFO,ai-tone,docs/维护与报告/AI自动维护复盘记录.md,1267,疑似 AI 味或过强修饰：| `创游世界新手避坑完全指南.md` | 修改 | 替换已删除文档的链接为有效文档链接 |,建议改成更具体、更可验证的资料表述。
INFO,ai-tone,docs/维护与报告/AI自动维护复盘记录.md,1282,疑似 AI 味或过强修饰：| `创游世界编辑器界面完全指南.md` | 包含电脑端快捷键（Ctrl+S/Z/Y、F5、Ctrl+C/V等），无移动端对应证据 |,建议改成更具体、更可验证的资料表述。
INFO,ai-tone,docs/维护与报告/AI自动维护复盘记录.md,1674,疑似 AI 味或过强修饰：- 补充了触发时机完全指南链接,建议改成更具体、更可验证的资料表述。
INFO,ai-tone,docs/项目设计/创游世界道具系统设计入门.md,392,疑似 AI 味或过强修饰：- [创游世界变量与作用域完全指南](../核心研究/创游世界变量与作用域完全指南.md) - 数据存储,建议改成更具体、更可验证的资料表述。
INFO,ai-tone,docs/项目设计/创游世界地图设计基础指南.md,373,疑似 AI 味或过强修饰：- [创游世界变量与作用域完全指南](../核心研究/创游世界变量与作用域完全指南.md) - 变量详解,建议改成更具体、更可验证的资料表述。
INFO,ai-tone,docs/项目设计/创游世界商店系统实战设计指南.md,82,疑似 AI 味或过强修饰：> 📚 相关阅读：[创游世界变量与作用域完全指南](../核心研究/创游世界变量与作用域完全指南.md) - 变量详解,建议改成更具体、更可验证的资料表述。
INFO,ai-tone,docs/项目设计/创游世界商店系统实战设计指南.md,86,疑似 AI 味或过强修饰：负责处理购买的核心逻辑，这是商店系统的「大脑」。,建议改成更具体、更可验证的资料表述。
INFO,ai-tone,docs/项目设计/创游世界商店系统实战设计指南.md,129,疑似 AI 味或过强修饰：> 📚 相关阅读：[创游世界变量与作用域完全指南](../核心研究/创游世界变量与作用域完全指南.md) - 配置表详解,建议改成更具体、更可验证的资料表述。
INFO,ai-tone,docs/项目设计/创游世界商店系统实战设计指南.md,300,疑似 AI 味或过强修饰：> 📚 相关阅读：[创游世界数据类型完全指南](../核心研究/创游世界数据类型完全指南.md) - 数据类型详解,建议改成更具体、更可验证的资料表述。
INFO,ai-tone,docs/项目设计/创游世界商店系统实战设计指南.md,445,疑似 AI 味或过强修饰：> 📚 相关阅读：[创游世界新手避坑完全指南](../教程资料/创游世界新手避坑完全指南.md) - 避坑指南,建议改成更具体、更可验证的资料表述。
INFO,ai-tone,docs/项目设计/创游世界商店系统实战设计指南.md,463,疑似 AI 味或过强修饰：- [创游世界变量与作用域完全指南](../核心研究/创游世界变量与作用域完全指南.md) - 变量详解,建议改成更具体、更可验证的资料表述。
INFO,ai-tone,docs/项目设计/创游世界商店系统实战设计指南.md,464,疑似 AI 味或过强修饰：- [创游世界数据类型完全指南](../核心研究/创游世界数据类型完全指南.md) - 数据类型详解,建议改成更具体、更可验证的资料表述。
INFO,ai-tone,docs/项目设计/创游世界实战项目模板.md,434,疑似 AI 味或过强修饰：- [创游世界广播机制完全指南](/教程资料/创游世界广播机制完全指南.md) - 广播使用详解,建议改成更具体、更可验证的资料表述。
INFO,ai-tone,docs/项目设计/创游世界性能优化指南.md,305,疑似 AI 味或过强修饰：- [创游世界联机系统完全指南](../核心研究/创游世界联机系统完全指南.md),建议改成更具体、更可验证的资料表述。
INFO,ai-tone,docs/项目设计/创游世界性能优化指南.md,308,疑似 AI 味或过强修饰：- [创游世界新手避坑完全指南](./创游世界新手避坑完全指南.md),建议改成更具体、更可验证的资料表述。
INFO,ai-tone,docs/项目设计/创游世界AI系统设计入门.md,467,疑似 AI 味或过强修饰：- [创游世界触发时机完全指南](../脚本系统/专题研究/创游世界触发时机完全指南.md),建议改成更具体、更可验证的资料表述。
INFO,ai-tone,docs/项目设计/创游世界UI界面设计系统指南.md,339,疑似 AI 味或过强修饰：- 显著提升联机性能,建议改成更具体、更可验证的资料表述。
INFO,ai-tone,docs/项目设计/创游世界UI界面设计系统指南.md,462,疑似 AI 味或过强修饰：- [创游世界广播机制完全指南](../核心研究/创游世界广播机制完全指南.md),建议改成更具体、更可验证的资料表述。
INFO,ai-tone,docs/项目设计/创游世界UI界面设计系统指南.md,463,疑似 AI 味或过强修饰：- [创游世界变量与作用域完全指南](../核心研究/创游世界变量与作用域完全指南.md),建议改成更具体、更可验证的资料表述。
INFO,ai-tone,docs/项目设计/创游世界UI界面设计系统指南.md,464,疑似 AI 味或过强修饰：- [创游世界联机系统完全指南](../核心研究/创游世界联机系统完全指南.md),建议改成更具体、更可验证的资料表述。
INFO,ai-tone,docs/项目设计/教程引导与新手流程导航.md,39,疑似 AI 味或过强修饰：| [创游世界组件系统完全指南](/教程资料/专题研究/创游世界组件系统完全指南.md) | 组件系统详解 | 入门 |,建议改成更具体、更可验证的资料表述。
INFO,ai-tone,docs/项目设计/教程引导与新手流程导航.md,40,疑似 AI 味或过强修饰：| [创游世界脚本入门完全指南](/教程资料/专题研究/创游世界脚本入门完全指南.md) | 脚本入门 | 入门 |,建议改成更具体、更可验证的资料表述。
INFO,ai-tone,docs/项目设计/系统设计专题导航.md,32,疑似 AI 味或过强修饰：| [创游世界物理与碰撞系统完全指南](/核心研究/创游世界物理与碰撞系统完全指南.md) | 物理与碰撞详解 | 入门/进阶 |,建议改成更具体、更可验证的资料表述。
INFO,ai-tone,docs/项目设计/项目设计导航.md,136,疑似 AI 味或过强修饰：- [创游世界新手避坑完全指南](../教程资料/创游世界新手避坑完全指南.md) - 避坑指南,建议改成更具体、更可验证的资料表述。
INFO,ai-tone,docs/引擎更新/创游世界引擎更新演进简史.md,167,疑似 AI 味或过强修饰：> 📚 相关阅读：[创游世界数据类型完全指南](../核心研究/创游世界数据类型完全指南.md) - 数据类型详解,建议改成更具体、更可验证的资料表述。
INFO,ai-tone,docs/引擎更新/创游世界引擎更新演进简史.md,169,疑似 AI 味或过强修饰：> 📚 相关阅读：[创游世界变量与作用域完全指南](../核心研究/创游世界变量与作用域完全指南.md) - 变量详解,建议改成更具体、更可验证的资料表述。
INFO,ai-tone,docs/引擎更新/创游世界引擎更新演进简史.md,265,疑似 AI 味或过强修饰：- [创游世界数据类型完全指南](../核心研究/创游世界数据类型完全指南.md) - 数据类型详解,建议改成更具体、更可验证的资料表述。
INFO,ai-tone,docs/引擎更新/创游世界引擎更新演进简史.md,266,疑似 AI 味或过强修饰：- [创游世界变量与作用域完全指南](../核心研究/创游世界变量与作用域完全指南.md) - 变量详解,建议改成更具体、更可验证的资料表述。
INFO,version-evidence,docs/引擎更新/引擎更新知识索引.md,72,提到版本号但附近没有来源提示：> 📚 相关阅读：[4.54.0数据类型与脚本能力升级解析](./专题研究/4.54.0数据类型与脚本能力升级解析.md) - 4.54.0专题,版本相关内容最好补充引擎更新截图、OCR 或资料来源。
INFO,ai-tone,docs/引擎更新/引擎更新知识索引.md,74,疑似 AI 味或过强修饰：> 📚 相关阅读：[创游世界数据类型完全指南](../核心研究/创游世界数据类型完全指南.md) - 数据类型详解,建议改成更具体、更可验证的资料表述。
INFO,version-evidence,docs/引擎更新/引擎更新知识索引.md,77,提到版本号但附近没有来源提示：- 4.54.0,版本相关内容最好补充引擎更新截图、OCR 或资料来源。
INFO,ai-tone,docs/引擎更新/引擎更新知识索引.md,152,疑似 AI 味或过强修饰：- 新方案显著提升复杂 UI、多玩家 UI、UI 动画场景下的流畅度。,建议改成更具体、更可验证的资料表述。
INFO,version-evidence,docs/引擎更新/引擎更新知识索引.md,222,提到版本号但附近没有来源提示：- 4.52.1,版本相关内容最好补充引擎更新截图、OCR 或资料来源。
INFO,version-evidence,docs/引擎更新/引擎更新知识索引.md,276,提到版本号但附近没有来源提示：- 4.45.30,版本相关内容最好补充引擎更新截图、OCR 或资料来源。
INFO,ai-tone,docs/引擎更新/引擎更新知识索引.md,297,疑似 AI 味或过强修饰：> 📚 相关阅读：[创游世界动画与动效系统完全指南](../教程资料/专题研究/创游世界动画与动效系统完全指南.md) - 动画系统,建议改成更具体、更可验证的资料表述。
INFO,version-evidence,docs/引擎更新/引擎更新知识索引.md,317,提到版本号但附近没有来源提示：- 4.45.19,版本相关内容最好补充引擎更新截图、OCR 或资料来源。
INFO,ai-tone,docs/引擎更新/引擎更新知识索引.md,357,疑似 AI 味或过强修饰：> 📚 相关阅读：[创游世界数据类型完全指南](../核心研究/创游世界数据类型完全指南.md) - 数据类型详解,建议改成更具体、更可验证的资料表述。
INFO,version-evidence,docs/引擎更新/引擎更新知识索引.md,405,提到版本号但附近没有来源提示：- 4.40.5,版本相关内容最好补充引擎更新截图、OCR 或资料来源。
INFO,version-evidence,docs/引擎更新/引擎更新知识索引.md,422,提到版本号但附近没有来源提示：- 4.35.1,版本相关内容最好补充引擎更新截图、OCR 或资料来源。
INFO,version-evidence,docs/引擎更新/引擎更新知识索引.md,460,提到版本号但附近没有来源提示：- 4.33.86,版本相关内容最好补充引擎更新截图、OCR 或资料来源。
INFO,ai-tone,docs/引擎更新/引擎更新知识索引.md,508,疑似 AI 味或过强修饰：- [创游世界数据类型完全指南](../核心研究/创游世界数据类型完全指南.md) - 数据类型详解,建议改成更具体、更可验证的资料表述。
INFO,ai-tone,docs/引擎更新/引擎更新知识索引.md,509,疑似 AI 味或过强修饰：- [创游世界变量与作用域完全指南](../核心研究/创游世界变量与作用域完全指南.md) - 变量详解,建议改成更具体、更可验证的资料表述。
INFO,ai-tone,docs/引擎更新/专题研究/联机UI演进专题.md,228,疑似 AI 味或过强修饰：- [创游世界数据类型完全指南](/核心研究/创游世界数据类型完全指南.md) - 数据类型详解,建议改成更具体、更可验证的资料表述。
INFO,ai-tone,docs/引擎更新/专题研究/联机UI演进专题.md,229,疑似 AI 味或过强修饰：- [创游世界变量与作用域完全指南](/核心研究/创游世界变量与作用域完全指南.md) - 变量详解,建议改成更具体、更可验证的资料表述。
INFO,title-tone,docs/元信息/创游世界资料库深入研究报告.md,1,标题可能偏营销化或 AI 味：创游世界资料库深入研究报告,资料库标题建议更克制，例如“机制整理”“入门说明”“资料索引”“问题速查”。
INFO,heading-tone,docs/元信息/创游世界资料库深入研究报告.md,1,标题可能偏 AI 味或营销化：创游世界资料库深入研究报告,资料站标题建议更像资料索引，不要过度使用“完全指南、终极、最强”。
INFO,ai-tone,docs/元信息/创游世界资料库深入研究报告.md,113,疑似 AI 味或过强修饰：- `[高可信推断]` 这会显著提升 AI 检索、人工复检和多文档比对效率,建议改成更具体、更可验证的资料表述。
INFO,ai-tone,docs/元信息/元信息导航.md,26,疑似 AI 味或过强修饰：| `创游世界资料库深入研究报告.md` | 资料库整体结构、完整度、成熟度的深度分析报告 |,建议改成更具体、更可验证的资料表述。
INFO,ai-tone,docs/元信息/元信息导航.md,72,疑似 AI 味或过强修饰：- 想了解资料库整体情况时查看[研究报告](./创游世界资料库深入研究报告.md),建议改成更具体、更可验证的资料表述。
INFO,ai-tone,docs/总索引与导航/按问题查资料.md,44,疑似 AI 味或过强修饰：| 局部变量、自身属性、地图属性、系统属性怎么选 | [变量与作用域完全指南](/核心研究/创游世界变量与作用域完全指南.md) |,建议改成更具体、更可验证的资料表述。
INFO,ai-tone,docs/总索引与导航/按问题查资料.md,48,疑似 AI 味或过强修饰：| 数据类型有哪些、怎么用 | [数据类型速查卡](/教程资料/创游世界数据类型速查卡.md) / [数据类型完全指南](/核心研究/创游世界数据类型完全指南.md) |,建议改成更具体、更可验证的资料表述。
INFO,ai-tone,docs/总索引与导航/按问题查资料.md,58,疑似 AI 味或过强修饰：| 广播和变量调用有什么区别 | [广播机制完全指南](/核心研究/创游世界广播机制完全指南.md) |,建议改成更具体、更可验证的资料表述。
INFO,ai-tone,docs/总索引与导航/按问题查资料.md,108,疑似 AI 味或过强修饰：- 查看[新手避坑完全指南](/教程资料/创游世界新手避坑完全指南.md),建议改成更具体、更可验证的资料表述。
INFO,ai-tone,docs/总索引与导航/创游世界知识库总导航.md,78,疑似 AI 味或过强修饰：- `docs/元信息/创游世界资料库深入研究报告.md`,建议改成更具体、更可验证的资料表述。
INFO,ai-tone,docs/总索引与导航/新手入门指南.md,301,疑似 AI 味或过强修饰：1. **理解脚本基础**：阅读 [创游世界脚本入门完全指南](../教程资料/专题研究/创游世界脚本入门完全指南.md),建议改成更具体、更可验证的资料表述。
INFO,ai-tone,docs/总索引与导航/新手阅读路线.md,8,疑似 AI 味或过强修饰：本文为创游世界新手提供从零到项目的完整学习路线，涵盖编辑器操作、组件系统、脚本编写、数据管理、UI设计、联机开发等各阶段，帮助新手系统性地掌握游戏开发技能。,建议改成更具体、更可验证的资料表述。
INFO,ai-tone,docs/总索引与导航/新手阅读路线.md,217,疑似 AI 味或过强修饰：> 📚 相关阅读：[创游世界广播机制完全指南](../核心研究/创游世界广播机制完全指南.md) - 广播详解,建议改成更具体、更可验证的资料表述。
INFO,ai-tone,docs/总索引与导航/新手阅读路线.md,218,疑似 AI 味或过强修饰：> 📚 相关阅读：[创游世界变量与作用域完全指南](../核心研究/创游世界变量与作用域完全指南.md) - 变量详解,建议改成更具体、更可验证的资料表述。
INFO,ai-tone,docs/总索引与导航/新手阅读路线.md,219,疑似 AI 味或过强修饰：> 📚 相关阅读：[创游世界脚本入门完全指南](../教程资料/专题研究/创游世界脚本入门完全指南.md) - 脚本入门,建议改成更具体、更可验证的资料表述。
INFO,ai-tone,docs/总索引与导航/新手阅读路线.md,337,疑似 AI 味或过强修饰：| [创游世界快速入门完全指南](../教程资料/创游世界快速入门完全指南.md) | 零基础入门首选 | ⭐⭐⭐ |,建议改成更具体、更可验证的资料表述。
INFO,ai-tone,docs/总索引与导航/新手阅读路线.md,385,疑似 AI 味或过强修饰：- [创游世界快速入门完全指南](../教程资料/创游世界快速入门完全指南.md) - 快速入门,建议改成更具体、更可验证的资料表述。
INFO,ai-tone,docs/总索引与导航/知识库总索引.md,60,疑似 AI 味或过强修饰：| [创游世界新手避坑完全指南](/教程资料/创游世界新手避坑完全指南) | 新手最容易踩的坑整理 | 入门 |,建议改成更具体、更可验证的资料表述。
INFO,ai-tone,docs/总索引与导航/知识库总索引.md,64,疑似 AI 味或过强修饰：| [创游世界快速入门完全指南](/教程资料/创游世界快速入门完全指南) | 零基础快速入门完全指南 | 入门 |,建议改成更具体、更可验证的资料表述。
INFO,ai-tone,docs/总索引与导航/知识库总索引.md,77,疑似 AI 味或过强修饰：| [创游世界脚本入门完全指南](/教程资料/专题研究/创游世界脚本入门完全指南) | 零基础脚本入门 | 入门 |,建议改成更具体、更可验证的资料表述。
INFO,ai-tone,docs/总索引与导航/知识库总索引.md,78,疑似 AI 味或过强修饰：| [创游世界组件系统完全指南](/教程资料/专题研究/创游世界组件系统完全指南) | 组件系统完全指南 | 入门 |,建议改成更具体、更可验证的资料表述。
INFO,ai-tone,docs/总索引与导航/知识库总索引.md,84,疑似 AI 味或过强修饰：| [创游世界广播机制完全指南](/教程资料/专题研究/创游世界广播机制完全指南) | 广播机制完整指南 | 进阶 |,建议改成更具体、更可验证的资料表述。
INFO,ai-tone,docs/总索引与导航/知识库总索引.md,86,疑似 AI 味或过强修饰：| [创游世界动画与动效系统完全指南](/教程资料/专题研究/创游世界动画与动效系统完全指南) | 动画与动效系统完全指南 | 入门/进阶 |,建议改成更具体、更可验证的资料表述。
INFO,ai-tone,docs/总索引与导航/知识库总索引.md,107,疑似 AI 味或过强修饰：| [创游世界脚本入门完全指南](/教程资料/专题研究/创游世界脚本入门完全指南) | 脚本入门完全指南 | 入门 |,建议改成更具体、更可验证的资料表述。
INFO,ai-tone,docs/总索引与导航/知识库总索引.md,110,疑似 AI 味或过强修饰：| [创游世界触发时机完全指南](/脚本系统/专题研究/创游世界触发时机完全指南) | 触发时机分类与用法详解 | 入门/进阶 |,建议改成更具体、更可验证的资料表述。
INFO,ai-tone,docs/总索引与导航/知识库总索引.md,172,疑似 AI 味或过强修饰：| [创游世界数据类型完全指南](/核心研究/创游世界数据类型完全指南) | 数据类型详解 |,建议改成更具体、更可验证的资料表述。
INFO,ai-tone,docs/总索引与导航/知识库总索引.md,173,疑似 AI 味或过强修饰：| [创游世界变量与作用域完全指南](/核心研究/创游世界变量与作用域完全指南) | 变量作用域详解 |,建议改成更具体、更可验证的资料表述。
INFO,ai-tone,docs/总索引与导航/知识库总索引.md,175,疑似 AI 味或过强修饰：| [创游世界广播机制完全指南](/核心研究/创游世界广播机制完全指南) | 广播机制完整指南 |,建议改成更具体、更可验证的资料表述。
INFO,ai-tone,docs/总索引与导航/知识库总索引.md,335,疑似 AI 味或过强修饰：| [创游世界资料库深入研究报告](/元信息/创游世界资料库深入研究报告) | 深入研究报告 |,建议改成更具体、更可验证的资料表述。
INFO,ai-tone,docs/总索引与导航/知识库总索引.md,354,疑似 AI 味或过强修饰：| 遇到问题 | [新手避坑完全指南](/教程资料/创游世界新手避坑完全指南) |,建议改成更具体、更可验证的资料表述。
INFO,ai-tone,docs/总索引与导航/docs 目录分类对照表.md,121,疑似 AI 味或过强修饰：- 想深入研究某个专题的开发者,建议改成更具体、更可验证的资料表述。
INFO,ai-tone,docs/总索引与导航/docs 目录分类对照表.md,262,疑似 AI 味或过强修饰：- 创游世界资料库深入研究报告,建议改成更具体、更可验证的资料表述。
INFO,evidence-meta,docs/index.md,1,资料型正文建议补充 source / evidence / confidence 之一。,不是必须，但能区分官方资料、OCR、经验总结和推理模型。
INFO,ai-tone,docs/OCR资料/官方教程截图转文本索引.md,744,疑似 AI 味或过强修饰：- `所属层` 非常重要，因为它决定特效与人物/地块之间的遮挡关系,建议改成更具体、更可验证的资料表述。
INFO,ai-tone,docs/OCR资料/官方教程截图转文本索引.md,1496,疑似 AI 味或过强修饰：这张图是战斗系统非常重要的证据页，可以确认：,建议改成更具体、更可验证的资料表述。
INFO,version-evidence,docs/OCR资料/基础写脚本界面截图转文本.md,1274,提到版本号但附近没有来源提示：其中 `结构体` 出现在 4.56.18b27 的脚本界面里，说明它已经进入属性/参数类型体系，而不是只停留在更新说明里。,版本相关内容最好补充引擎更新截图、OCR 或资料来源。
INFO,version-evidence,docs/OCR资料/引擎更新截图转文本.md,59,提到版本号但附近没有来源提示：- 4.54.0,版本相关内容最好补充引擎更新截图、OCR 或资料来源。
INFO,version-evidence,docs/OCR资料/引擎更新截图转文本.md,130,提到版本号但附近没有来源提示：这张图明确了 4.52.60 在声音系统上的升级：,版本相关内容最好补充引擎更新截图、OCR 或资料来源。
INFO,version-evidence,docs/OCR资料/引擎更新截图转文本.md,137,提到版本号但附近没有来源提示：- 4.52.60,版本相关内容最好补充引擎更新截图、OCR 或资料来源。
INFO,version-evidence,docs/OCR资料/引擎更新截图转文本.md,196,提到版本号但附近没有来源提示：这张图是 4.52.54 的关键页，解释了联机 UI 优化与“上传并等待”机制：,版本相关内容最好补充引擎更新截图、OCR 或资料来源。
INFO,version-evidence,docs/OCR资料/引擎更新截图转文本.md,203,提到版本号但附近没有来源提示：- 4.52.54,版本相关内容最好补充引擎更新截图、OCR 或资料来源。
INFO,version-evidence,docs/OCR资料/引擎更新截图转文本.md,233,提到版本号但附近没有来源提示：4.48.3 这一页能确认：,版本相关内容最好补充引擎更新截图、OCR 或资料来源。
INFO,version-evidence,docs/OCR资料/引擎更新截图转文本.md,247,提到版本号但附近没有来源提示：- 4.48.3,版本相关内容最好补充引擎更新截图、OCR 或资料来源。
INFO,version-evidence,docs/OCR资料/引擎更新截图转文本.md,297,提到版本号但附近没有来源提示：4.45.27 这页主要包含体验优化与编辑器修复：,版本相关内容最好补充引擎更新截图、OCR 或资料来源。
INFO,version-evidence,docs/OCR资料/引擎更新截图转文本.md,304,提到版本号但附近没有来源提示：- 4.45.27,版本相关内容最好补充引擎更新截图、OCR 或资料来源。
INFO,version-evidence,docs/OCR资料/引擎更新截图转文本.md,325,提到版本号但附近没有来源提示：4.45.19 这页聚焦文字显示适配：,版本相关内容最好补充引擎更新截图、OCR 或资料来源。
INFO,version-evidence,docs/OCR资料/引擎更新截图转文本.md,330,提到版本号但附近没有来源提示：- 4.45.19,版本相关内容最好补充引擎更新截图、OCR 或资料来源。
INFO,version-evidence,docs/OCR资料/引擎更新截图转文本.md,350,提到版本号但附近没有来源提示：4.45.1 这页聚焦 Avatar 与技能 UI 相关修复：,版本相关内容最好补充引擎更新截图、OCR 或资料来源。
INFO,version-evidence,docs/OCR资料/引擎更新截图转文本.md,367,提到版本号但附近没有来源提示：这张图补充了 4.52.60 的编辑器优化重点：,版本相关内容最好补充引擎更新截图、OCR 或资料来源。
INFO,version-evidence,docs/OCR资料/引擎更新截图转文本.md,378,提到版本号但附近没有来源提示：- 4.52.60,版本相关内容最好补充引擎更新截图、OCR 或资料来源。
INFO,version-evidence,docs/OCR资料/引擎更新截图转文本.md,446,提到版本号但附近没有来源提示：这张图是 4.54.0 的补充页，除了之前已整理的结构体/类型升级外，还补出了：,版本相关内容最好补充引擎更新截图、OCR 或资料来源。
INFO,version-evidence,docs/OCR资料/引擎更新截图转文本.md,485,提到版本号但附近没有来源提示：这张图把 4.52.60 的“声音系统升级”补全了：,版本相关内容最好补充引擎更新截图、OCR 或资料来源。
INFO,version-evidence,docs/OCR资料/引擎更新截图转文本.md,677,提到版本号但附近没有来源提示：- 这说明 UI 在 4.43.24 前后，不只是“能切换”，而是开始具备更细粒度的属性访问能力。,版本相关内容最好补充引擎更新截图、OCR 或资料来源。
INFO,version-evidence,docs/OCR资料/引擎更新截图转文本.md,685,提到版本号但附近没有来源提示：- 4.43.24,版本相关内容最好补充引擎更新截图、OCR 或资料来源。
INFO,version-evidence,docs/OCR资料/引擎更新截图转文本.md,711,提到版本号但附近没有来源提示：这张图说明 4.40.17 对调试器做了关键增强：,版本相关内容最好补充引擎更新截图、OCR 或资料来源。
INFO,version-evidence,docs/OCR资料/引擎更新截图转文本.md,720,提到版本号但附近没有来源提示：- 4.40.17,版本相关内容最好补充引擎更新截图、OCR 或资料来源。
INFO,version-evidence,docs/OCR资料/引擎更新截图转文本.md,744,提到版本号但附近没有来源提示：- 4.40.5 开始支持多人同时编辑同一个工程。,版本相关内容最好补充引擎更新截图、OCR 或资料来源。
INFO,version-evidence,docs/OCR资料/引擎更新截图转文本.md,749,提到版本号但附近没有来源提示：- 4.40.5,版本相关内容最好补充引擎更新截图、OCR 或资料来源。
INFO,version-evidence,docs/OCR资料/引擎更新截图转文本.md,814,提到版本号但附近没有来源提示：- 4.35.1,版本相关内容最好补充引擎更新截图、OCR 或资料来源。
INFO,version-evidence,docs/OCR资料/OCR 完整化总表.md,139,提到版本号但附近没有来源提示：- `4.45.30`,版本相关内容最好补充引擎更新截图、OCR 或资料来源。
INFO,version-evidence,docs/OCR资料/OCR 完整化总表.md,140,提到版本号但附近没有来源提示：- `4.45.27`,版本相关内容最好补充引擎更新截图、OCR 或资料来源。
INFO,version-evidence,docs/OCR资料/OCR 完整化总表.md,141,提到版本号但附近没有来源提示：- `4.45.19`,版本相关内容最好补充引擎更新截图、OCR 或资料来源。
INFO,ai-tone,docs/OCR资料/OCR 证据链说明.md,90,疑似 AI 味或过强修饰：3. **专题文档**：在 `广播机制完全指南.md` 中引用 OCR 内容，给出结构化结论,建议改成更具体、更可验证的资料表述。
